City,State,Passenger Miles
New York,NY,"9,989,099,073 "
Jamaica,NY,"3,405,961,936 "
New York,NY,"2,154,521,183 "
Newark,NJ,"2,148,639,449 "
Oakland,CA,"1,784,699,309 "
Chicago,IL,"1,518,703,416 "
New York,NY,"1,472,423,041 "
Chicago,IL,"1,401,502,999 "
Washington,DC,"1,314,002,629 "
Newark,NJ,"1,066,078,886 "
Los Angeles,CA,"1,050,459,894 "
Boston,MA,"680,949,680 "
Chicago,IL,"591,323,738 "
Boston,MA,"576,500,980 "
Seattle,WA,"502,807,522 "
Los Angeles,CA,"495,011,734 "
Philadelphia,PA,"455,192,052 "
Atlanta,GA,"449,895,831 "
Jersey City,NJ,"444,870,346 "
Los Angeles,CA,"438,553,704 "
Philadelphia,PA,"436,335,049 "
San Carlos,CA,"409,333,703 "
New York,NY,"381,346,415 "
Washington,DC,"366,498,831 "
Philadelphia,PA,"359,405,111 "
Honolulu,HI,"311,654,913 "
Miami,FL,"310,897,388 "
Baltimore,MD,"275,491,545 "
Boston,MA,"263,405,058 "
Minneapolis,MN,"260,030,296 "
Atlanta,GA,"245,601,162 "
Las Vegas,NV,"244,372,814 "
Baltimore,MD,"239,277,791 "
Houston,TX,"238,829,128 "
Dallas,TX,"232,288,823 "
Denver,CO,"230,220,501 "
Pittsburgh,PA,"225,092,162 "
San Francisco,CA,"220,051,925 "
San Diego,CA,"214,376,455 "
Portland,OR,"210,180,550 "
Los Angeles,CA,"210,105,497 "
Portland,OR,"203,723,813 "
Mahwah,NJ,"196,203,402 "
Seattle,WA,"196,169,479 "
Seattle,WA,"193,091,082 "
Denver,CO,"180,411,468 "
Arlington Heights,IL,"163,060,559 "
Oakland,CA,"161,462,049 "
Seattle,WA,"161,293,358 "
New York,NY,"158,586,769 "
Hoboken,NJ,"151,141,079 "
Los Angeles,CA,"151,003,912 "
San Antonio,TX,"144,597,977 "
Boston,MA,"141,734,607 "
Alexandria,VA,"141,566,826 "
Miami,FL,"139,494,732 "
San Jose,CA,"136,901,868 "
San Francisco,CA,"136,717,088 "
Plantation,FL,"135,668,346 "
Phoenix,AZ,"132,678,717 "
Orlando,FL,"131,834,284 "
Harrisburg,PA,"129,876,440 "
Salt Lake City,UT,"129,673,508 "
New York,NY,"127,378,410 "
Garden City,NY,"126,842,031 "
Hanford,CA,"126,495,990 "
St. Louis,MO,"125,714,384 "
Dallas,TX,"125,148,127 "
Pompano Beach,FL,"120,912,123 "
White Plains,NY,"118,800,235 "
Austin,TX,"116,078,145 "
Houston,TX,"115,745,334 "
Seattle,WA,"115,664,119 "
Phoenix,AZ,"113,208,491 "
Chesterton,IN,"110,846,664 "
Baltimore,MD,"109,737,234 "
Milwaukee,WI,"106,718,086 "
San Diego,CA,"104,544,729 "
Orange,CA,"103,488,637 "
Denver,CO,"101,771,560 "
Minneapolis,MN,"100,276,941 "
Cleveland,OH,"97,776,046 "
Detroit,MI,"97,496,748 "
Lindenwold,NJ,"96,375,041 "
West Covina,CA,"95,300,385 "
Hartford,CT,"95,151,377 "
New Brunswick,NJ,"93,829,030 "
St. Louis,MO,"92,945,521 "
Denver,CO,"89,162,452 "
Salt Lake City,UT,"89,112,550 "
San Diego,CA,"85,605,989 "
Cincinnati,OH,"81,723,692 "
Rockville,MD,"81,258,497 "
San Diego,CA,"80,770,023 "
Bethlehem,PA,"79,839,500 "
Salt Lake City,UT,"79,147,942 "
Detroit,MI,"76,162,014 "
El Paso,TX,"74,781,311 "
Tucson   ,AZ,"74,155,142 "
Long Beach,CA,"73,821,438 "
Southampton,NY,"73,791,820 "
Columbus,OH,"73,617,347 "
Buffalo,NY,"73,140,158 "
Providence,RI,"71,202,527 "
Tampa,FL,"69,745,753 "
San Francisco,CA,"67,071,940 "
Phoenix,AZ,"65,696,893 "
Seattle,WA,"65,559,773 "
Sacramento,CA,"65,530,788 "
Charlotte,NC,"64,906,594 "
Jacksonville,FL,"64,332,545 "
Woodbridge,VA,"62,206,059 "
Stockton,CA,"61,400,684 "
Hampton,VA,"61,264,189 "
Los Angeles,CA,"60,785,294 "
Seattle,WA,"60,295,402 "
Newark,NJ,"59,777,983 "
San Francisco,CA,"58,490,893 "
Philadelphia,PA,"57,709,428 "
San Bernardino,CA,"56,569,834 "
New York,NY,"56,084,904 "
St. Petersburg,FL,"54,491,321 "
Albany,NY,"54,040,515 "
Houston,TX,"53,624,968 "
Dover,NJ,"52,870,209 "
Madison,WI,"52,239,924 "
San Juan,PR,"52,179,019 "
West Palm Beach,FL,"51,698,218 "
Staten Island,NY,"50,703,762 "
Rochester,NY,"50,345,826 "
Westwood,NJ,"50,090,570 "
Santa Monica,CA,"49,197,389 "
Los Angeles,CA,"47,544,324 "
San Jose,CA,"46,981,059 "
Louisville,KY,"46,533,968 "
Orange,CA,"45,960,212 "
New York,NY,"45,490,979 "
Atlanta,GA,"45,122,110 "
Portland,ME,"45,119,331 "
Dayton,OH,"45,092,015 "
Baltimore,MD,"44,778,153 "
Orange,CA,"43,993,911 "
Riverside,CA,"43,555,509 "
Nashville,TN,"43,406,788 "
Salt Lake City,UT,"43,052,589 "
San Francisco,CA,"42,864,299 "
Cleveland,OH,"42,165,745 "
Indianapolis,IN,"41,887,194 "
Kansas City,MO,"41,681,970 "
Fairfax,VA,"41,656,872 "
Newark,NJ,"41,493,521 "
Phoenix,AZ,"41,156,748 "
Spokane,WA,"41,053,474 "
Hurley,NY,"41,046,163 "
Houston,TX,"40,980,999 "
Dallas,TX,"39,672,828 "
Leesburg,VA,"39,227,680 "
Newark,NJ,"38,740,464 "
New Orleans,LA,"38,311,904 "
Thousand Palms,CA,"38,247,959 "
Springfield,MA,"38,093,369 "
Sacramento,CA,"37,924,763 "
Oceanside,CA,"37,902,707 "
Woods Hole,MA,"37,183,573 "
Arlington Heights,IL,"36,963,176 "
Baltimore,MD,"36,790,501 "
Woodbridge,VA,"36,340,402 "
Albuquerque,NM,"36,154,201 "
Everett,WA,"36,148,639 "
Tacoma,WA,"35,901,817 "
Farmington Hills,MI,"35,633,503 "
Oakland,CA,"35,370,072 "
Houston,TX,"34,502,571 "
Seattle,WA,"34,367,474 "
Arlington Heights,IL,"34,117,244 "
Houston,TX,"33,923,059 "
Syracuse,NY,"33,908,580 "
Memphis,TN,"33,059,281 "
Albuquerque,NM,"32,874,779 "
Everett,WA,"32,107,400 "
Dover,DE,"31,653,996 "
El Monte,CA,"31,505,047 "
Grand Rapids,MI,"31,104,166 "
Montclair,NJ,"30,996,958 "
Pittsburgh,PA,"30,261,649 "
Los Angeles,CA,"30,243,844 "
Richmond,VA,"30,204,978 "
Charlotte,NC,"29,838,989 "
Richmond,VA,"29,291,229 "
Hesperia,CA,"29,205,626 "
Atlanta,GA,"28,992,306 "
Burnsville,MN,"28,634,507 "
Oceanside,CA,"28,003,119 "
Yaphank,NY,"27,882,104 "
Flint,MI,"27,603,871 "
San Francisco,CA,"27,534,409 "
Lansing,MI,"27,488,246 "
San Carlos,CA,"26,963,687 "
Gainesville,FL,"26,317,774 "
Vancouver,WA,"26,211,237 "
St. Paul,MN,"26,103,531 "
Eugene,OR,"26,080,664 "
El Monte,CA,"25,915,355 "
Fresno,CA,"25,898,642 "
Spring Valley,NY,"25,869,858 "
Santa Barbara,CA,"25,748,791 "
San Antonio,TX,"25,693,681 "
Hartford,CT,"25,517,192 "
Newark,NJ,"25,137,891 "
Anchorage,AK,"24,178,130 "
Washington,DC,"23,930,248 "
Los Angeles,CA,"23,707,623 "
Houston,TX,"23,629,031 "
Ann Arbor,MI,"23,275,879 "
Monterey,CA,"22,886,996 "
Miami,FL,"22,663,508 "
New York,NY,"22,278,258 "
Tacoma,WA,"22,201,580 "
Largo,MD,"22,107,866 "
Allentown,PA,"21,954,076 "
Bakersfield,CA,"21,948,633 "
Oceanside,CA,"21,730,491 "
Reno,NV,"21,710,799 "
Akron,OH,"21,355,560 "
Richland,WA,"21,326,432 "
Santa Cruz,CA,"21,231,214 "
Durham,NC,"21,152,663 "
Everett,WA,"20,989,754 "
Urbana,IL,"20,961,635 "
Corpus Christi,TX,"20,830,748 "
Lancaster,PA,"20,521,491 "
San Juan,PR,"20,404,979 "
Eden Prairie,MN,"20,327,007 "
Montebello,CA,"20,323,470 "
Fort Wright,KY,"20,265,177 "
Everett,WA,"20,155,115 "
Baltimore,MD,"20,078,289 "
The Woodlands,TX,"20,019,503 "
Boston,MA,"19,967,570 "
San Carlos,CA,"19,812,865 "
Weehawken,NJ,"19,797,250 "
Austin,TX,"19,572,510 "
Minneapolis,MN,"19,441,510 "
Anaheim,CA,"19,086,458 "
Houston,TX,"19,003,294 "
Olympia,WA,"18,914,264 "
Raleigh,NC,"18,793,227 "
Dallas,TX,"18,572,868 "
San Juan,PR,"18,488,753 "
Newington,CT,"18,251,326 "
Torrance,CA,"18,221,365 "
Birmingham,AL,"18,189,863 "
Fort Worth,TX,"18,053,520 "
Brockton,MA,"17,883,887 "
Brooklyn,NY,"17,875,468 "
Lexington,KY,"17,621,395 "
Des Moines,IA,"17,546,035 "
Research Triangle Park,NC,"16,807,962 "
State College,PA,"16,782,827 "
Elizabeth,NJ,"16,781,260 "
New York,NY,"16,650,254 "
Orange,CA,"16,571,985 "
Fort Myers,FL,"16,454,159 "
Peoria,IL,"16,383,026 "
Bridgeport,CT,"16,298,749 "
Petaluma,CA,"16,174,174 "
Culver City,CA,"16,103,312 "
Antioch,CA,"15,847,376 "
Concord,CA,"15,738,196 "
Shreveport,LA,"15,728,847 "
Ann Arbor,MI,"15,721,596 "
Pomona,NY,"15,594,160 "
New Orleans,LA,"15,572,457 "
Boston,MA,"15,540,423 "
Miami,FL,"15,412,476 "
Canton,OH,"15,374,255 "
Oklahoma City,OK,"14,805,352 "
Lancaster,CA,"14,636,320 "
Reno,NV,"14,602,280 "
Las Vegas,NV,"14,544,049 "
Oxnard,CA,"14,383,778 "
Granite City,IL,"14,346,800 "
Lancaster,CA,"14,307,642 "
Baton Rouge,LA,"14,187,321 "
Tulsa,OK,"14,155,601 "
North Charleston,SC,"13,773,311 "
Greensboro,NC,"13,705,397 "
Ventura,CA,"13,549,637 "
South Daytona,FL,"13,451,566 "
Woodland,CA,"13,444,516 "
Olympia,WA,"13,361,828 "
Bremerton,WA,"13,232,323 "
Wailuku,HI,"13,073,252 "
Worcester,MA,"13,053,317 "
Bellingham,WA,"13,012,492 "
Charlotte,NC,"12,850,952 "
Honolulu,HI,"12,801,383 "
Anchorage,AK,"12,776,968 "
Orlando,FL,"12,735,546 "
Newark,NJ,"12,633,883 "
West Palm Beach,FL,"12,609,518 "
Omaha,NE,"12,569,470 "
Salt Lake City,UT,"12,395,920 "
San Rafael,CA,"12,281,711 "
Austin,TX,"12,269,528 "
Cocoa,FL,"12,265,934 "
Chapel Hill,NC,"12,133,936 "
Buffalo,NY,"12,128,749 "
Sanford,FL,"12,044,554 "
Boston,MA,"11,986,627 "
San Luis Obispo,CA,"11,896,511 "
Lafayette,IN,"11,757,492 "
Pittsburgh,PA,"11,706,990 "
Ithaca,NY,"11,554,814 "
Lawrenceville,GA,"11,545,050 "
Boise,ID,"11,513,845 "
Sarasota,FL,"11,373,298 "
Puerto Real,PR,"11,287,502 "
Gardena,CA,"11,281,212 "
Roanoke,VA,"11,263,599 "
Miami,FL,"11,238,427 "
Philadelphia,PA,"11,118,969 "
Duluth,MN,"10,991,960 "
Marietta,GA,"10,978,224 "
Santa Clarita,CA,"10,876,834 "
Dover,DE,"10,871,598 "
Denver,CO,"10,744,485 "
Kalamazoo,MI,"10,740,997 "
San Francisco,CA,"10,735,370 "
Wenatchee,WA,"10,695,307 "
Riverside,CA,"10,660,866 "
North Little Rock,AR,"10,652,836 "
Harrisburg,IL,"10,622,485 "
Colorado Springs,CO,"10,582,664 "
Harrisburg,PA,"10,553,592 "
Austin,TX,"10,387,840 "
Philadelphia,PA,"10,309,799 "
Portland,OR,"10,171,647 "
Ames,IA,"10,149,483 "
Newark,NJ,"10,131,563 "
Hesperia,CA,"10,107,573 "
St. Paul,MN,"10,069,752 "
Lynchburg,VA,"10,065,600 "
Atlanta,GA,"10,036,212 "
Cleveland,OH,"10,019,677 "
Stockton,CA,"9,880,682 "
Plantation,FL,"9,854,729 "
Hartford,CT,"9,819,844 "
Gretna,LA,"9,626,644 "
Cleveland,OH,"9,580,135 "
Rochester,PA,"9,526,532 "
Toledo,OH,"9,512,713 "
Santa Clarita,CA,"9,439,397 "
Tallahassee,FL,"9,404,346 "
Yaphank,NY,"9,390,693 "
Moline ,IL,"9,374,254 "
Laredo,TX,"9,316,086 "
Salem,OR,"9,215,585 "
Vallejo,CA,"9,186,794 "
Modesto,CA,"9,171,930 "
Fort Collins,CO,"9,167,118 "
Eugene,OR,"9,115,927 "
Des Moines,IA,"9,037,128 "
Fort Worth,TX,"8,850,570 "
Seattle,WA,"8,840,480 "
Woodbridge,VA,"8,832,548 "
Davis,CA,"8,674,173 "
Santa Cruz,CA,"8,629,571 "
Visalia,CA,"8,598,378 "
Haverhill,MA,"8,566,666 "
Richland,WA,"8,557,974 "
Dayton,OH,"8,556,529 "
Riverside,CA,"8,550,774 "
New Bedford,MA,"8,475,558 "
Hyannis,MA,"8,404,113 "
Erie,PA,"8,393,843 "
Lubbock,TX,"8,333,792 "
Winston-Salem,NC,"8,307,195 "
Portland,OR,"8,306,781 "
Lafayette,LA,"8,139,132 "
Hartford,CT,"8,117,335 "
Anchorage,AK,"8,110,732 "
Miami,FL,"8,038,902 "
Arlington Heights,IL,"8,029,586 "
Charleston,WV,"7,950,277 "
San Francisco,CA,"7,880,988 "
Greensboro,NC,"7,807,652 "
Knoxville,TN,"7,797,324 "
Denver,CO,"7,732,123 "
Lawrenceville,GA,"7,720,708 "
El Centro,CA,"7,679,725 "
Santa Rosa,CA,"7,632,918 "
Chattanooga,TN,"7,605,488 "
Savannah,GA,"7,603,742 "
Livermore,CA,"7,602,329 "
Flagstaff,AZ,"7,519,020 "
Fairfield,CA,"7,492,473 "
Ann Arbor,MI,"7,463,845 "
Wichita,KS,"7,413,153 "
Pinole,CA,"7,385,352 "
Rochester,MN,"7,367,360 "
Alexandria,VA,"7,320,892 "
Tampa,FL,"7,290,643 "
Salisbury,MD,"7,198,273 "
York,PA,"7,173,243 "
Lincoln,NE,"7,144,634 "
Pensacola,FL,"7,132,138 "
Orlando,FL,"7,127,339 "
Oakland,CA,"7,095,706 "
Dallas,TX,"7,084,735 "
Vestal,NY,"7,028,557 "
Pinole,CA,"7,016,090 "
San Antonio,TX,"7,003,796 "
San Diego,CA,"6,977,458 "
Marietta,GA,"6,972,780 "
Santa Rosa,CA,"6,948,210 "
San Diego,CA,"6,917,513 "
Stockton,CA,"6,910,623 "
State College,PA,"6,891,858 "
Blacksburg,VA,"6,882,899 "
Everett,WA,"6,849,311 "
Lowell,MA,"6,815,850 "
Rockford,IL,"6,766,280 "
Portland,ME,"6,733,632 "
Normal,IL,"6,725,658 "
Columbia,SC,"6,587,166 "
Bloomington,IN,"6,510,947 "
Greensburg,PA,"6,495,222 "
Napa,CA,"6,494,400 "
Lakeland,FL,"6,480,784 "
Medford,OR,"6,464,994 "
Williamsport,PA,"6,437,785 "
Brownsville,TX,"6,339,697 "
Louisville,KY,"6,339,543 "
Meridian,ID,"6,306,913 "
St. Louis,MO,"6,305,571 "
Arlington,VA,"6,287,868 "
Athens,GA,"6,206,878 "
Greensboro,NC,"6,165,674 "
Weslaco,TX,"6,135,877 "
Norwalk,CA,"6,132,234 "
Nashville,TN,"6,116,191 "
Naples,FL,"6,096,967 "
Washington,DC,"6,085,819 "
Brownsville,TX,"6,016,069 "
San Antonio,TX,"5,996,008 "
Boston,MA,"5,976,543 "
York,PA,"5,955,290 "
Arlington Heights,IL,"5,936,929 "
Sarasota,FL,"5,924,889 "
Lewisville,TX,"5,901,029 "
Weehawken,NJ,"5,887,776 "
Fargo,ND,"5,852,450 "
Lewisville,TX,"5,828,301 "
Cedar Rapids,IA,"5,806,405 "
Youngstown,OH,"5,802,678 "
Springfield,MO,"5,776,181 "
Ellicott City,MD,"5,747,733 "
Phoenix,AZ,"5,713,526 "
Springfield,IL,"5,677,827 "
City of Plymouth,MN,"5,661,667 "
San Marcos,TX,"5,652,555 "
Fayetteville,NC,"5,644,860 "
Vero Beach,FL,"5,626,596 "
Preston,CT,"5,624,547 "
Mobile,AL,"5,621,757 "
Charlotte,NC,"5,621,418 "
Lewisville,TX,"5,618,847 "
Pittsburgh,PA,"5,605,226 "
Athens,GA,"5,594,605 "
Austin,TX,"5,591,419 "
Burlington,VT,"5,538,796 "
San Bernardino,CA,"5,521,135 "
Research Triangle Park,NC,"5,398,318 "
Asheville,NC,"5,317,151 "
Wailuku,HI,"5,313,682 "
Chico,CA,"5,309,753 "
La Plata,MD,"5,266,172 "
Marysville,CA,"5,216,574 "
Merced,CA,"5,187,369 "
New Britain,CT,"5,174,714 "
Iowa City,IA,"5,174,411 "
Norwalk,CT,"5,172,261 "
Evansville,IN,"5,155,655 "
Sugar Land,TX,"5,153,699 "
Fort Wayne,IN,"5,137,688 "
Raleigh,NC,"5,126,387 "
Olathe,KS,"5,118,610 "
Nashville,TN,"5,094,270 "
Topeka,KS,"5,079,722 "
Fitchburg,MA,"5,067,379 "
Burlington,WA,"5,037,035 "
Flint,MI,"4,994,801 "
St. Cloud,MN,"4,981,421 "
Albany,NY,"4,976,715 "
Kingston,PA,"4,946,922 "
Hampton,VA,"4,932,543 "
Nashville,TN,"4,928,935 "
Port Richey,FL,"4,915,425 "
Grand Rapids,MI,"4,914,442 "
Auburn,CA,"4,911,155 "
Rome,GA,"4,891,750 "
Bourbonnais,IL,"4,879,471 "
Elk Grove,CA,"4,871,029 "
Pittsfield,MA,"4,870,695 "
Logan,UT,"4,858,236 "
Huntington,WV,"4,778,570 "
Redding,CA,"4,777,496 "
Scranton,PA,"4,742,159 "
Bremerton,WA,"4,670,757 "
Waco,TX,"4,632,565 "
Danbury,CT,"4,628,655 "
Muncie,IN,"4,565,015 "
Diamond Springs,CA,"4,524,872 "
San Jose,CA,"4,521,225 "
Yuma,AZ,"4,512,988 "
Hanford,CA,"4,494,587 "
Baltimore,MD,"4,457,972 "
Franklin,TN,"4,440,169 "
Hartford,CT,"4,439,221 "
Harrisonburg,VA,"4,419,339 "
Appleton,WI,"4,403,457 "
South Bend,IN,"4,388,359 "
Waterbury,CT,"4,328,170 "
Charleroi,PA,"4,325,832 "
Miami,FL,"4,325,111 "
Greenville,SC,"4,286,357 "
Woods Hole,MA,"4,278,356 "
Gulfport,MS,"4,275,534 "
Allentown,PA,"4,263,715 "
Spokane,WA,"4,263,290 "
Kenosha,WI,"4,255,186 "
San Juan,PR,"4,253,141 "
Jacksonville,FL,"4,252,546 "
St. Paul,MN,"4,230,369 "
Granite City,IL,"4,230,120 "
Burlington,VT,"4,228,574 "
Tucson   ,AZ,"4,211,767 "
Poughkeepsie,NY,"4,191,390 "
Birmingham,AL,"4,171,055 "
Baltimore,MD,"4,165,815 "
Brooklyn,NY,"4,123,830 "
Lancaster,PA,"4,113,483 "
Clemson,SC,"4,078,830 "
Albany,GA,"4,052,480 "
Berlin,CT,"4,045,171 "
Portland,ME,"4,018,914 "
Dallas,TX,"3,932,331 "
Hampton,VA,"3,867,691 "
Riverside,CA,"3,855,143 "
Olympia,WA,"3,848,174 "
Stockton,CA,"3,839,997 "
Williamsburg,VA,"3,816,216 "
Green Bay,WI,"3,765,143 "
Sioux City,IA,"3,755,363 "
New York,NY,"3,728,167 "
Taunton,MA,"3,717,936 "
Fort Collins,CO,"3,703,451 "
Indianapolis,IN,"3,701,815 "
Wilmington,NC,"3,680,587 "
Riverside,CA,"3,675,090 "
Newington,CT,"3,645,321 "
Corvallis,OR,"3,638,715 "
Cocoa,FL,"3,634,438 "
Burlington,WA,"3,626,107 "
Morgantown,WV,"3,623,838 "
Kingston,NY,"3,600,877 "
Eugene,OR,"3,575,125 "
Grand River,OH,"3,552,350 "
Portland,OR,"3,534,689 "
Johnstown,PA,"3,514,593 "
Jersey City,NJ,"3,472,314 "
Nashville,TN,"3,462,354 "
Huntsville,AL,"3,456,177 "
Hyannis,MA,"3,451,947 "
Yakima,WA,"3,442,110 "
Hampton,VA,"3,438,583 "
Louisville,KY,"3,378,628 "
Saginaw,MI,"3,378,276 "
Bremerton,WA,"3,377,524 "
Oakland,CA,"3,371,244 "
Salem,OR,"3,357,510 "
Dover,NH,"3,338,308 "
Detroit,MI,"3,332,821 "
Fort Collins,CO,"3,326,548 "
Seattle,WA,"3,323,914 "
Frederick,MD,"3,302,009 "
Glendale,CA,"3,300,627 "
Decatur,IL,"3,298,158 "
Johnson City,TN,"3,294,787 "
Racine,WI,"3,292,739 "
Lawrence,KS,"3,292,113 "
Robertsdale,AL,"3,272,549 "
Sioux Falls,SD,"3,270,399 "
Missoula,MT,"3,268,988 "
Phoenix,AZ,"3,266,394 "
Raleigh,NC,"3,254,322 "
Bay City,MI,"3,248,592 "
Iowa City,IA,"3,231,165 "
White Plains,NY,"3,223,896 "
Sacramento,CA,"3,202,528 "
Providence,RI,"3,200,031 "
Kansas City,MO,"3,193,498 "
Seattle,WA,"3,171,300 "
Pompano Beach,FL,"3,164,907 "
Columbus,OH,"3,164,097 "
Dover,DE,"3,152,817 "
Springfield,MA,"3,120,295 "
Milwaukee,WI,"3,099,217 "
Waukesha,WI,"3,098,462 "
Port Huron,MI,"3,092,729 "
Napa,CA,"3,086,955 "
Columbia,MO,"3,078,604 "
Framingham,MA,"3,071,011 "
Santa Fe,NM,"3,066,904 "
Monterey,CA,"3,064,901 "
Oakland,CA,"3,059,958 "
Lansing,MI,"3,054,907 "
El Paso,TX,"3,033,504 "
Richmond,VA,"3,032,133 "
Columbus,OH,"3,031,477 "
Kent,OH,"2,999,437 "
San Luis Obispo,CA,"2,939,693 "
Bend,OR,"2,929,924 "
Pueblo,CO,"2,907,728 "
Charlottesville,VA,"2,876,766 "
La Crosse,WI,"2,876,380 "
Salem,OR,"2,848,891 "
Gulfport,MS,"2,792,400 "
San Francisco,CA,"2,776,611 "
Fort Myers,FL,"2,774,574 "
Pasadena,CA,"2,749,102 "
San Carlos,CA,"2,743,486 "
Port Huron,MI,"2,742,724 "
Charlotte,NC,"2,713,566 "
Detroit,MI,"2,694,457 "
Detroit,MI,"2,681,679 "
Charlotte,NC,"2,680,605 "
Garden City,NY,"2,676,961 "
Montgomery,AL,"2,652,405 "
San Saba,TX,"2,650,389 "
Santa Maria,CA,"2,636,677 "
Port Huron,MI,"2,632,370 "
Salt Lake City,UT,"2,623,078 "
Kansas City,MO,"2,622,218 "
Houston,TX,"2,619,565 "
Bryan,TX,"2,605,024 "
Cincinnati,OH,"2,583,709 "
Douglasville,GA,"2,581,123 "
Grand Rapids,MI,"2,561,373 "
Grand River,OH,"2,552,808 "
Olathe,KS,"2,548,387 "
Hesperia,CA,"2,536,036 "
Tucson,AZ,"2,532,310 "
Colorado Springs,CO,"2,497,163 "
Fort Pierce,FL,"2,490,404 "
St. Paul,MN,"2,488,094 "
Raleigh,NC,"2,477,989 "
Everett,WA,"2,461,194 "
Marysville,CA,"2,452,542 "
Indianapolis,IN,"2,451,948 "
South Bend,IN,"2,449,714 "
New Brunswick,NJ,"2,433,770 "
Burlington,WA,"2,432,602 "
Spartanburg,SC,"2,427,722 "
Yakima,WA,"2,424,719 "
Altoona,PA,"2,423,745 "
Toledo,OH,"2,423,721 "
Ann Arbor,MI,"2,421,462 "
Greensburg,PA,"2,403,295 "
Waukesha,WI,"2,390,880 "
Cleveland,OH,"2,390,663 "
Jackson,TN,"2,385,092 "
West Bend,WI,"2,384,265 "
North Charleston,SC,"2,382,709 "
Augusta,GA,"2,361,942 "
Monterey,CA,"2,339,074 "
Richland,WA,"2,326,437 "
Eau Claire,WI,"2,321,024 "
Washington,DC,"2,273,415 "
Albuquerque,NM,"2,249,258 "
Wailuku,HI,"2,231,096 "
Fitchburg,MA,"2,228,758 "
Leesburg,VA,"2,223,797 "
Yuma,AZ,"2,203,991 "
Orange,CA,"2,190,498 "
Eugene,OR,"2,188,443 "
Louisville,KY,"2,183,355 "
Ocala,FL,"2,181,109 "
Memphis,TN,"2,175,990 "
Hesperia,CA,"2,171,094 "
Minneapolis,MN,"2,169,494 "
Fort Worth,TX,"2,145,208 "
St. Petersburg,FL,"2,139,491 "
Spokane,WA,"2,139,425 "
Tavares,FL,"2,132,469 "
Commerce,CA,"2,113,828 "
Oceanside,CA,"2,111,383 "
South Daytona,FL,"2,110,756 "
Spokane,WA,"2,103,052 "
Dayton,OH,"2,074,794 "
Buffalo,NY,"2,070,375 "
Fairfax,VA,"2,052,265 "
Auburn,CA,"2,036,953 "
Knoxville,TN,"2,034,819 "
Port Washington,WI,"2,030,109 "
Wilsonville,OR,"2,027,080 "
Anchorage,AK,"2,021,577 "
Moorhead,MN,"2,020,486 "
Cleveland,OH,"2,011,430 "
St. Petersburg,FL,"1,994,973 "
Orange,CA,"1,993,024 "
York,PA,"1,981,014 "
Scotrun,PA,"1,980,012 "
Nashua,NH,"1,974,167 "
Greensboro,NC,"1,970,847 "
Seattle,WA,"1,969,214 "
Cocoa,FL,"1,956,271 "
Salt Lake City,UT,"1,944,598 "
Arlington Heights,IL,"1,940,237 "
Washington,PA,"1,935,052 "
San Carlos,CA,"1,934,267 "
Gainesville,FL,"1,933,305 "
Durham,NC,"1,932,897 "
Boston,MA,"1,932,775 "
Owensboro,KY,"1,926,638 "
Billings,MT,"1,925,547 "
Vallejo,CA,"1,921,459 "
Kansas City,MO,"1,919,621 "
San Saba,TX,"1,872,973 "
Laguna Beach,CA,"1,871,078 "
Sarasota,FL,"1,867,340 "
Vancouver,WA,"1,863,845 "
Seattle,WA,"1,856,308 "
Birmingham,AL,"1,852,055 "
Research Triangle Park,NC,"1,851,533 "
Bremerton,WA,"1,846,895 "
Winston-Salem,NC,"1,830,351 "
Xenia,OH,"1,823,104 "
Seattle,WA,"1,819,602 "
San Jose,CA,"1,816,784 "
Detroit,MI,"1,812,007 "
Thousand Palms,CA,"1,801,819 "
Hyannis,MA,"1,801,723 "
Colorado Springs,CO,"1,799,465 "
Sugar Land,TX,"1,798,734 "
Bellingham,WA,"1,789,205 "
Stockton,CA,"1,765,195 "
Grand River,OH,"1,761,381 "
Tacoma,WA,"1,754,343 "
Kansas City,MO,"1,750,386 "
Diamond Springs,CA,"1,739,527 "
Taunton,MA,"1,736,566 "
Zephyr Cove,NV,"1,729,250 "
Monterey,CA,"1,727,374 "
New Orleans,LA,"1,722,218 "
Corpus Christi,TX,"1,721,038 "
Lexington,KY,"1,708,502 "
Kalamazoo,MI,"1,707,676 "
Honolulu,HI,"1,699,102 "
Grand Rapids,MI,"1,693,568 "
Reno,NV,"1,693,355 "
Williamsburg,VA,"1,692,958 "
Oshkosh,WI,"1,690,840 "
Rochester,NY,"1,649,421 "
Haverhill,MA,"1,648,708 "
Tacoma,WA,"1,634,171 "
Hamden,CT,"1,630,070 "
Kokomo,IN,"1,623,988 "
Elizabethtown,KY,"1,616,724 "
Lawrence,KS,"1,608,066 "
Elk Grove,CA,"1,580,254 "
Tampa,FL,"1,575,340 "
San Jose,CA,"1,564,903 "
Bend,OR,"1,549,137 "
Lemont Furnace,PA,"1,547,986 "
Arlington,TX,"1,540,731 "
San Carlos,CA,"1,533,932 "
Coralville,IA,"1,527,046 "
Fresno,CA,"1,524,485 "
Annapolis,MD,"1,521,318 "
Springdale,AR,"1,514,005 "
Longview,WA,"1,512,934 "
Scotrun,PA,"1,512,552 "
Corpus Christi,TX,"1,510,790 "
Albany,NY,"1,499,351 "
Elizabethtown,KY,"1,498,812 "
Fort Myers,FL,"1,491,326 "
Tucson   ,AZ,"1,484,759 "
Fort Worth,TX,"1,478,431 "
Newark,OH,"1,470,529 "
Nashville,TN,"1,469,839 "
Oakland,CA,"1,463,888 "
Terrell,TX,"1,457,818 "
Redondo Beach,CA,"1,445,376 "
Thousand Palms,CA,"1,438,799 "
Appleton,WI,"1,437,169 "
Canton,OH,"1,425,633 "
Lebanon,PA,"1,418,014 "
Erie,PA,"1,409,371 "
Somerville,NJ,"1,408,443 "
Lodi,NJ,"1,407,712 "
Concord,CA,"1,400,020 "
Beaumont,TX,"1,399,004 "
Milford,CT,"1,388,473 "
San Angelo,TX,"1,383,499 "
Jackson,MI,"1,370,450 "
Portland,OR,"1,360,274 "
Kingston,PA,"1,350,544 "
Bunnell,FL,"1,346,810 "
Holland,MI,"1,345,538 "
Naples,FL,"1,344,125 "
Orlando,FL,"1,340,546 "
Cocoa,FL,"1,333,133 "
San Angelo,TX,"1,326,001 "
Portland,OR,"1,323,526 "
Eugene,OR,"1,321,842 "
St. Cloud,MN,"1,304,633 "
Tavares,FL,"1,298,564 "
Fairfield,CA,"1,288,740 "
Tulare,CA,"1,268,883 "
Wheeling,WV,"1,264,568 "
Framingham,MA,"1,263,179 "
Punta Gorda,FL,"1,261,723 "
Davenport,IA,"1,250,281 "
Racine,WI,"1,231,745 "
San Antonio ,TX,"1,230,524 "
Akron,OH,"1,210,704 "
Washington,PA,"1,206,433 "
Great Falls,MT,"1,201,454 "
Visalia,CA,"1,200,361 "
Lemont Furnace,PA,"1,187,348 "
Bellingham,WA,"1,179,148 "
Olympia,WA,"1,171,541 "
Riverside,CA,"1,171,169 "
Fort Lauderdale,FL,"1,160,844 "
El Centro,CA,"1,150,676 "
Madison,WI,"1,145,466 "
Ann Arbor,MI,"1,123,611 "
Vancouver,WA,"1,115,534 "
Lancaster,PA,"1,105,484 "
York,PA,"1,102,266 "
Plantation,FL,"1,099,967 "
Providence,RI,"1,096,277 "
Grand Forks,ND,"1,080,992 "
Providence,RI,"1,080,234 "
New Brunswick,NJ,"1,073,070 "
Texas City,TX,"1,065,650 "
Albuquerque,NM,"1,047,868 "
Bourbonnais,IL,"1,041,408 "
Asheville ,NC,"1,025,287 "
Bryan,TX,"1,021,000 "
Harrisburg,PA,"1,012,490 "
Research Triangle Park,NC,"1,005,916 "
West Bend,WI,"996,316 "
Albany,NY,"994,297 "
Baton Rouge,LA,"991,026 "
Rockford,IL,"987,486 "
Gary,IN,"985,028 "
Conover,NC,"978,703 "
Washington,DC,"977,740 "
New Britain,CT,"957,585 "
Muscle Shoals,AL,"956,485 "
Brockton,MA,"952,827 "
Fort Pierce,FL,"950,726 "
Los Angeles,CA,"946,350 "
Yakima,WA,"929,955 "
Anchorage,AK,"928,407 "
Peoria,IL,"927,220 "
Lexington,KY,"926,080 "
Providence,RI,"924,187 "
Jackson,MS,"919,660 "
Northfield,NJ,"912,150 "
Sarasota,FL,"904,905 "
Fort Wright,KY,"900,183 "
Tulsa,OK,"893,816 "
Petaluma,CA,"891,999 "
Audubon,NJ,"889,699 "
Oxnard,CA,"868,969 "
Fort Walton Beach,FL,"867,667 "
Monroe,MI,"855,526 "
Batavia,OH,"853,921 "
Albany,NY,"850,529 "
Hamilton,OH,"847,567 "
Columbia,SC,"843,604 "
Bremerton,WA,"842,718 "
Rochester,PA,"841,147 "
Carmel,NY,"834,327 "
Annapolis,MD,"832,840 "
Decatur,AL,"814,078 "
Pensacola,FL,"813,482 "
Dover,DE,"803,116 "
Jacksonville,FL,"802,054 "
Santa Clarita,CA,"799,544 "
Cincinnati,OH,"799,161 "
Conover,NC,"798,753 "
Seattle,WA,"795,888 "
Des Moines,IA,"791,825 "
Port Washington,WI,"783,899 "
Wichita,KS,"783,551 "
San Rafael,CA,"772,059 "
Omaha,NE,"770,966 "
Orlando,FL,"768,372 "
Roanoke,VA,"767,157 "
Scottsdale,AZ,"765,303 "
Sumter,SC,"765,113 "
Auburn,CA,"763,653 "
Lansing,MI,"760,474 "
Reno,NV,"756,108 "
Gloucester,MA,"755,411 "
North Little Rock,AR,"753,182 "
Somerville,NJ,"750,707 "
Johnstown,PA,"743,424 "
Chicago,IL,"743,343 "
Granite City,IL,"742,378 "
Antioch,CA,"740,527 "
Warren,OH,"732,975 "
Hamilton,OH,"731,641 "
Lakeland,FL,"726,048 "
Santa Rosa,CA,"720,628 "
Monroe,MI,"719,904 "
Arlington Heights,IL,"713,837 "
Salisbury,MD,"711,531 "
Napa,CA,"706,983 "
Carbondale,IL,"702,902 "
Waterbury,CT,"702,416 "
Kent,OH,"697,107 "
Tacoma,WA,"696,413 "
Batavia,OH,"695,473 "
Tampa,FL,"690,084 "
Everett,WA,"689,264 "
Ellicott City,MD,"685,234 "
Scranton,PA,"677,982 "
New York,NY,"676,061 "
Mobile,AL,"674,762 "
Harrisburg,PA,"674,236 "
Lubbock,TX,"673,588 "
South Daytona,FL,"666,066 "
Charlotte,NC,"665,591 "
Sioux Falls,SD,"664,529 "
Dallas,TX,"664,326 "
Tulsa,OK,"657,116 "
Cleveland,OH,"656,443 "
Elizabethtown,KY,"656,317 "
Chico,CA,"645,481 "
Worcester,MA,"643,328 "
Sumter,SC,"638,278 "
Fort Wayne,IN,"637,153 "
North Charleston,SC,"635,837 "
Shreveport,LA,"635,372 "
Terrell,TX,"628,156 "
Modesto,CA,"625,770 "
Savannah,GA,"613,788 "
South Bend,IN,"611,212 "
Richland,WA,"606,504 "
Eugene,OR,"603,092 "
St. Cloud,MN,"598,526 "
South Daytona,FL,"593,376 "
Tallahassee,FL,"591,777 "
Huntsville,AL,"591,247 "
Bridgeport,CT,"591,143 "
Long Beach,NY,"577,723 "
Haverhill,MA,"570,691 "
Ithaca,NY,"570,338 "
Gainesville,FL,"561,187 "
Fayetteville,NC,"556,709 "
Iowa City,IA,"556,565 "
Syracuse,NY,"556,414 "
Eau Claire,WI,"551,576 "
Albuquerque,NM,"537,864 "
Diamond Springs,CA,"536,601 "
Kansas City,MO,"532,574 "
New Orleans,LA,"527,146 "
Moline ,IL,"525,965 "
San Luis Obispo,CA,"516,494 "
Akron,OH,"512,957 "
Sherman,TX,"512,320 "
Corpus Christi,TX,"512,064 "
Syracuse,NY,"507,378 "
Holland,MI,"503,110 "
Huntington Station,NY,"502,809 "
Santa Cruz,CA,"500,554 "
Normal,IL,"497,119 "
Cedar Rapids,IA,"495,463 "
Stuart,FL,"494,336 "
Springfield,IL,"493,221 "
Riverside,CA,"490,827 "
Chattanooga,TN,"489,548 "
San Juan,PR,"487,673 "
Turlock,CA,"482,577 "
Orange,CA,"482,572 "
Bridgeton,NJ,"481,493 "
Eden Prairie,MN,"481,090 "
New York,NY,"479,073 "
Oklahoma City,OK,"474,335 "
Redding,CA,"471,113 "
Honolulu,HI,"471,092 "
Flagstaff,AZ,"470,910 "
Pomona,NY,"469,999 "
Knoxville,TN,"468,231 "
Zephyr Cove,NV,"465,197 "
Marietta,GA,"464,982 "
Waco,TX,"460,280 "
Meridian,ID,"458,900 "
Gretna,LA,"457,450 "
Loveland,CO,"457,301 "
Missoula,MT,"456,558 "
Chattanooga,TN,"456,171 "
Gulfport,MS,"453,128 "
Port Huron,MI,"451,156 "
Lancaster,CA,"450,095 "
Philadelphia,PA,"449,102 "
Ann Arbor,MI,"442,844 "
La Verne,CA,"439,946 "
New Bedford,MA,"438,975 "
Bay City,MI,"433,830 "
Ames,IA,"432,755 "
Terre Haute,IN,"427,275 "
Urbana,IL,"426,333 "
Olathe,KS,"425,541 "
Marysville,CA,"423,925 "
Belle Chasse,LA,"422,490 "
Lafayette,LA,"410,008 "
Danbury,CT,"407,440 "
Evansville,IN,"406,728 "
San Francisco,CA,"406,656 "
Medford,OR,"403,270 "
Texas City,TX,"398,585 "
Bakersfield,CA,"397,522 "
Derby,CT,"396,713 "
Lawrence,KS,"395,223 "
Vestal,NY,"394,472 "
Sarasota,FL,"394,368 "
Danville,IN,"392,694 "
Detroit,MI,"390,317 "
Jackson,MS,"387,012 "
Lebanon,PA,"385,372 "
Lebanon,PA,"385,362 "
La Verne,CA,"384,326 "
Frederick,MD,"382,651 "
Troy,OH,"381,182 "
Richland,WA,"376,732 "
Youngstown,OH,"376,479 "
Portland,OR,"375,459 "
Sacramento,CA,"374,246 "
Wilmington,NC,"370,618 "
Alexandria,VA,"367,959 "
Medina,OH,"366,739 "
Atlanta,GA,"364,699 "
Savannah,GA,"364,250 "
Pittsfield,MA,"357,635 "
Port Richey,FL,"357,069 "
Belle Chasse,LA,"356,390 "
Arlington,VA,"353,905 "
Pinole,CA,"352,855 "
Vero Beach,FL,"346,280 "
Lowell,MA,"345,713 "
Torrance,CA,"341,662 "
San Bernardino,CA,"340,264 "
Portland,OR,"338,179 "
Sacramento,CA,"334,809 "
Olathe,KS,"333,089 "
Livermore,CA,"332,863 "
Batavia,OH,"330,112 "
Oshkosh,WI,"327,314 "
Savannah,GA,"324,447 "
Kokomo,IN,"324,360 "
Woodland,CA,"323,424 "
Glendale,AZ,"321,696 "
The Woodlands,TX,"321,150 "
Merced,CA,"317,570 "
Asheville ,NC,"315,558 "
Huntington Station,NY,"315,485 "
Largo,MD,"314,990 "
Stockton,CA,"313,587 "
Appleton,WI,"312,259 "
La Plata,MD,"309,633 "
Texas City,TX,"309,604 "
Kansas City,MO,"306,934 "
Charlotte,NC,"305,793 "
Ann Arbor,MI,"305,176 "
Fargo,ND,"303,128 "
Pasadena,CA,"302,794 "
Burlington,WA,"301,470 "
Ventura,CA,"298,327 "
Norwalk,CT,"296,909 "
Roanoke,VA,"293,849 "
Indianapolis,IN,"293,525 "
Lawrenceville,GA,"293,291 "
Auburn,ME,"293,175 "
Douglasville,GA,"290,594 "
Arlington,VA,"288,736 "
Lowell,MA,"285,465 "
Columbia,MO,"284,698 "
Norwalk,CT,"280,483 "
Visalia,CA,"278,541 "
Arlington Heights,IL,"276,053 "
Green Bay,WI,"273,778 "
Medina,OH,"273,750 "
Davenport,IA,"271,771 "
Billings,MT,"271,670 "
Toledo,OH,"270,560 "
Pottstown,PA,"267,940 "
Chapel Hill,NC,"266,306 "
Arlington,TX,"263,194 "
Santa Rosa,CA,"257,302 "
Milford,CT,"255,324 "
Moline ,IL,"254,150 "
Glendale,CA,"253,741 "
Pueblo,CO,"251,838 "
Delaware,OH,"251,009 "
Weslaco,TX,"248,516 "
Muncie,IN,"245,523 "
Saginaw,MI,"244,796 "
Laredo,TX,"244,374 "
Fairfield,CA,"244,149 "
Montgomery,AL,"240,960 "
Jackson,TN,"239,380 "
Hampton,VA,"235,176 "
Vestal,NY,"229,345 "
Worcester,MA,"227,969 "
State College,PA,"225,035 "
Charleston,WV,"223,781 "
Lodi,NJ,"223,633 "
Dallas,TX,"223,374 "
Lincoln,NE,"220,384 "
Wilmington,NC,"214,166 "
Sumter,SC,"211,783 "
Yakima,WA,"209,451 "
Wenatchee,WA,"206,511 "
Portland,OR,"206,132 "
Burlington,VT,"205,799 "
Lewisville,TX,"204,529 "
Fort Worth,TX,"200,814 "
Huntington,WV,"199,128 "
Montebello,CA,"198,713 "
South Bend,IN,"198,643 "
Riverside,CA,"197,838 "
Jacksonville,FL,"197,100 "
Salt Lake City,UT,"196,496 "
Glendale,AZ,"196,079 "
Hamilton,OH,"192,228 "
Santa Maria,CA,"189,110 "
Grand Forks,ND,"187,207 "
Rochester,NY,"186,563 "
Auburn,ME,"186,460 "
Long Beach,CA,"185,719 "
Maple Grove,MN,"185,300 "
Reno,NV,"183,430 "
Lemont Furnace,PA,"182,610 "
Rochester,MN,"177,791 "
Bend,OR,"175,900 "
Worcester,MA,"174,774 "
Lincoln,NE,"172,622 "
Longview,WA,"166,310 "
Poughkeepsie,NY,"165,288 "
Urbana,IL,"164,945 "
City of Plymouth,MN,"164,448 "
St. Petersburg,FL,"163,868 "
Kenosha,WI,"163,001 "
Augusta,GA,"162,535 "
Milwaukee,WI,"160,893 "
Santa Fe,NM,"160,323 "
Louisville,KY,"159,860 "
Duluth,MN,"159,596 "
Lynchburg,VA,"159,548 "
Bloomington,IN,"159,307 "
Montebello,CA,"155,691 "
Hampton,VA,"155,385 "
Lafayette,IN,"154,969 "
Racine,WI,"154,383 "
Stuart,FL,"154,335 "
Carmel,NY,"152,380 "
Richmond,VA,"151,694 "
Brownsville,TX,"148,925 "
Scranton,PA,"146,880 "
Sioux City,IA,"142,900 "
Baltimore,MD,"142,794 "
Vallejo,CA,"140,199 "
Delaware,OH,"139,997 "
Bourbonnais,IL,"139,560 "
Fort Collins,CO,"138,747 "
Lemont Furnace,PA,"138,374 "
Oshkosh,WI,"132,190 "
White Plains,NY,"131,525 "
Springdale,AR,"131,341 "
Elk Grove,CA,"129,667 "
Logan,UT,"128,613 "
Gloucester,MA,"128,480 "
Jackson,MI,"128,059 "
Des Moines,IA,"127,784 "
Flagstaff,AZ,"127,517 "
Great Falls,MT,"124,127 "
Auburn,CA,"123,848 "
Punta Gorda,FL,"122,852 "
Wilsonville,OR,"121,678 "
Springfield,MO,"121,549 "
La Mirada,CA,"120,636 "
Rome,GA,"118,994 "
Dover,NH,"117,155 "
Los Angeles,CA,"116,320 "
La Crosse,WI,"115,962 "
Baltimore,MD,"112,793 "
Topeka,KS,"112,324 "
North Little Rock,AR,"110,484 "
Zephyr Cove,NV,"110,188 "
Nashua,NH,"109,660 "
Ellicott City,MD,"109,438 "
Harrisonburg,VA,"109,076 "
South Daytona,FL,"108,762 "
Oklahoma City,OK,"108,722 "
Ventura,CA,"108,003 "
Missoula,MT,"107,697 "
Bend,OR,"103,844 "
Moline ,IL,"100,575 "
Flint,MI,"98,461 "
Peoria,AZ,"97,606 "
Williamsburg,VA,"93,706 "
Kingston,NY,"93,437 "
Beaumont,TX,"93,295 "
Madison,WI,"93,234 "
Topeka,KS,"90,374 "
Memphis,TN,"89,562 "
Rochester,MN,"88,967 "
Blacksburg,VA,"88,480 "
Medina,OH,"87,777 "
Tallahassee,FL,"86,532 "
Albuquerque,NM,"84,116 "
Terre Haute,IN,"83,764 "
Turlock,CA,"83,634 "
Decatur,IL,"83,286 "
Gary,IN,"82,021 "
Fort Collins,CO,"81,334 "
Tulare,CA,"79,443 "
Tallahassee,FL,"79,259 "
Fitchburg,MA,"78,748 "
Norwalk,CA,"76,091 "
Fort Collins,CO,"75,648 "
Gardena,CA,"75,118 "
Albany,GA,"74,097 "
Ocala,FL,"73,854 "
Yuma,AZ,"71,720 "
Muscle Shoals,AL,"71,555 "
Commerce,CA,"71,500 "
Pittsburgh,PA,"71,333 "
Greenville,SC,"70,906 "
Texas City,TX,"68,837 "
Leesburg,VA,"67,824 "
Colorado Springs,CO,"66,927 "
Kenosha,WI,"65,289 "
Waukesha,WI,"65,080 "
Altoona,PA,"62,810 "
Redondo Beach,CA,"61,537 "
Lewisville,TX,"61,441 "
Corpus Christi,TX,"59,970 "
Stuart,FL,"58,743 "
Arlington,TX,"57,661 "
Sacramento,CA,"56,533 "
Hanford,CA,"55,826 "
Harrisburg,PA,"55,584 "
Albuquerque,NM,"55,516 "
St. Petersburg,FL,"55,429 "
Petaluma,CA,"54,835 "
Long Beach,NY,"48,206 "
Chattanooga,TN,"47,389 "
Sugar Land,TX,"46,623 "
San Antonio,TX,"46,013 "
Ames,IA,"45,086 "
Jacksonville,FL,"44,935 "
Santa Monica,CA,"44,850 "
Moorhead,MN,"43,248 "
Oklahoma City,OK,"41,605 "
Bend,OR,"41,148 "
Allentown,PA,"36,811 "
Athens,GA,"35,777 "
Davenport,IA,"32,874 "
Iowa City,IA,"32,834 "
Port Richey,FL,"31,876 "
Maple Grove,MN,"31,724 "
Minneapolis,MN,"31,156 "
Preston,CT,"28,544 "
Modesto,CA,"28,135 "
Zephyr Cove,NV,"27,393 "
Lawrenceville,GA,"26,988 "
Auburn,CA,"25,746 "
Loveland,CO,"24,855 "
Santa Rosa,CA,"24,103 "
Wheeling,WV,"22,504 "
Oklahoma City,OK,"21,082 "
Bellingham,WA,"20,012 "
Waukesha,WI,"19,466 "
Louisville,KY,"19,267 "
Albuquerque,NM,"18,994 "
Culver City,CA,"17,996 "
Scotrun,PA,"17,342 "
Pottstown,PA,"14,776 "
York,PA,"13,647 "
Fort Lauderdale,FL,"13,398 "
Norwalk,CT,"12,772 "
Loveland,CO,"11,006 "
Wenatchee,WA,"9,448 "
Johnstown,PA,"8,752 "
Athens,GA,"8,507 "
Bremerton,WA,"7,732 "
Decatur,IL,"4,895 "
Charleroi,PA,"4,827 "
Williamsport,PA,"2,926 "
Auburn,CA,"2,790 "
Altoona,PA,"1,345 "
Williamsport,PA,495 
Iowa City,IA,225 
Zephyr Cove,NV,103 
Columbia,MO,0 
Benton,AR,0 
Bangor,ME,0 
Bangor,ME,0 
Mt. Vernon,KY,0 
Stigler,OK,0 
Fredericktown,TX,0 
Lyndonville,VT,0 
Lyndonville,VT,0 
Lyndonville,VT,0 
Lyndonville,VT,0 
Nashville,TN,0 
Nashville,TN,0 
Manchester,KY,0 
Centralia,IL,0 
Centralia,IL,0 
Frederick,OK,0 
Pine Bluff,AR,0 
Wilmington,VT,0 
Wilmington,VT,0 
Wilmington,VT,0 
Virginia,MN,0 
Virginia,MN,0 
Lamesa ,TX,0 
Hopkinsville,KY,0 
Hopkinsville,KY,0 
Dunlap,TN,0 
Mt. Pleasant,TN,0 
Mt. Pleasant,TN,0 
Glenwood Springs,CO,0 
Glenwood Springs,CO,0 
Glenwood Springs,CO,0 
Glenwood Springs,CO,0 
Washington,IN,0 
Fresno,CA,0 
Fresno,CA,0 
Henderson,TN,0 
Martin,TN,0 
Coupeville,WA,0 
Sarasota,FL,0 
Coupeville,WA,0 
Coupeville,WA,0 
Cookeville,TN,0 
Cookeville,TN,0 
El Paso ,TX,0 
Middlebury,VT,0 
El Paso ,TX,0 
Middlebury,VT,0 
Middlebury,VT,0 
Mountain Village,CO,0 
Mountain Village,CO,0 
Mountain Village,CO,0 
Knoxville,TN,0 
Mason City,IA,0 
Frankfort,KY,0 
Frankfort,KY,0 
Camilla,GA,0 
South Burlington,VT,0 
Scranton,PA,0 
South Burlington,VT,0 
Austin,TX,0 
Austin,TX,0 
Austin,TX,0 
Amarillo ,TX,0 
Darien,GA,0 
Burlington,VT,0 
Burlington,VT,0 
Johnsonburg,PA,0 
Johnsonburg,PA,0 
Burlington,VT,0 
Johnsonburg,PA,0 
Burlington,VT,0 
Prestonsburg,KY,0 
Louisville,KY,0 
Cedar Rapids,IA,0 
Coleman,TX,0 
Tallahassee,FL,0 
Tallahassee,FL,0 
Tallahassee,FL,0 
Hilo,HI,0 
Hilo,HI,0 
Hilo,HI,0 
Atlantic,IA,0 
Pierre,SD,0 
Des Moines,IA,0 
Des Moines,IA,0 
Ft. Myers,FL,0 
Traverse City,MI,0 
Traverse City,MI,0 
Ft. Myers,FL,0 
Fort Morgan,CO,0 
Fort Morgan,CO,0 
Port Angeles,WA,0 
Port Angeles,WA,0 
Port Angeles,WA,0 
Lebanon,KY,0 
Alice ,TX,0 
Paducah,KY,0 
Paducah,KY,0 
Pawnee ,OK,0 
Crowell ,TX,0 
Helena West Helena,AR,0 
Uvalde ,TX,0 
Harrison,AR,0 
Harrison,AR,0 
Hugo,OK,0 
Ocean City,MD,0 
Ocean City,MD,0 
Spencer,IA,0 
Cleveland,MS,0 
Marshall,MN,0 
Marshall,MN,0 
Moses Lake,WA,0 
Moses Lake,WA,0 
Moses Lake,WA,0 
ENID,OK,0 
Carroll,IA,0 
Big Stone Gap,VA,0 
Atoka,OK,0 
Henderson,NC,0 
Henderson,NC,0 
Athens,PA,0 
Flemingsburg,KY,0 
Ottumwa,IA,0 
Athens,PA,0 
Hoquiam,WA,0 
Hoquiam,WA,0 
Hoquiam,WA,0 
Texarkana,TX,0 
Boulder,CO,0 
Texarkana,TX,0 
Texarkana,TX,0 
Bakersfield,CA,0 
Bakersfield,CA,0 
Bishop,CA,0 
Bishop,CA,0 
Salina,KS,0 
Salina,KS,0 
Bishop,CA,0 
Rutland,VT,0 
Boonville,NC,0 
Boonville,NC,0 
Rutland,VT,0 
Rutland,VT,0 
Richmond,KY,0 
Bad Axe,MI,0 
Kearney,NE,0 
Levelland ,TX,0 
Richmond,KY,0 
Levelland ,TX,0 
Fort Walton Beach,FL,0 
Shelton,WA,0 
Keshena,WI,0 
Ellsworth,ME,0 
Jacksonville,IL,0 
Ocala,FL,0 
Kilgore,TX,0 
Ellsworth,ME,0 
Keshena,WI,0 
Shelton,WA,0 
Shelton,WA,0 
Shelton,WA,0 
Kilgore,TX,0 
Demopolis,AL,0 
Bonifay,FL,0 
Harlan,KY,0 
Cedar Bluff,VA,0 
Vienna,IL,0 
Vienna,IL,0 
Park City,UT,0 
Mt. Pleasant,MI,0 
Muskogee,OK,0 
Decorah,IA,0 
Muskogee,OK,0 
Mt. Pleasant,MI,0 
Park City,UT,0 
Meadville,PA,0 
Waterville,ME,0 
Lyons,NY,0 
Urbanna,VA,0 
Creston,IA,0 
Sioux City,IA,0 
Pigeon Forge,TN,0 
Guthrie,OK,0 
Waterville,ME,0 
Meadville,PA,0 
Kingstree,SC,0 
Guthrie,OK,0 
Kingstree,SC,0 
Pigeon Forge,TN,0 
Lihue,HI,0 
Lihue,HI,0 
Booneville,MS,0 
Lisbon,OH,0 
Ada,OK,0 
Carlinville,IL,0 
Belfast,ME,0 
Fulton,KY,0 
St. Clair,PA,0 
Edgartown,MA,0 
Wilmar,MN,0 
Waterloo,IA,0 
Covington,TN,0 
Wilmar,MN,0 
Edgartown,MA,0 
St. Clair,PA,0 
Espanola,NM,0 
Montevideo,MN,0 
Hudsonville,NY,0 
Shelbyville,IL,0 
Espanola,NM,0 
Glencoe,MN,0 
Durant,OK,0 
Fort Dodge,IA,0 
Memphis,TN,0 
Big Cabin,OK,0 
Palatka,FL,0 
Cambridge,MD,0 
Oswego,NY,0 
Oswego,NY,0 
Palatka,FL,0 
Palatka,FL,0 
Cambridge,MD,0 
New Castle,PA,0 
New Castle,PA,0 
Clarksdale,MS,0 
Valley City,ND,0 
Boone,NC,0 
Valley City,ND,0 
New Castle,PA,0 
Lowry,MN,0 
Lowry,MN,0 
Boone,NC,0 
St. Helens,OR,0 
Gastonia,NC,0 
Hammond,IN,0 
Victoria,TX,0 
Cape Girardeau,MO,0 
Westminster,MD,0 
Lake Andes,SD,0 
Oro Valley,AZ,0 
Portsmouth,NH,0 
Spearfish,SD,0 
Choctaw,MS,0 
Cape Girardeau,MO,0 
Opelika,AL,0 
St. Helens,OR,0 
Denver,CO,0 
Marianna,FL,0 
Opelika,AL,0 
Westminster,MD,0 
Hammond,IN,0 
Cape Girardeau,MO,0 
Gastonia,NC,0 
Gastonia,NC,0 
St. Helens,OR,0 
Abilene,TX,0 
Victoria,TX,0 
Abilene,TX,0 
Victoria,TX,0 
Marianna,FL,0 
Denver,CO,0 
Macomb,IL,0 
St. Augustine,FL,0 
Tyler,TX,0 
Tyler,TX,0 
Bloomington,IL,0 
Statesville,NC,0 
Anniston,AL,0 
Mandeville,LA,0 
Denton,TX,0 
New Lexington,OH,0 
Oxford,MS,0 
Cape May Court House,NJ,0 
Statesville,NC,0 
Anniston,AL,0 
Bloomington,IL,0 
St. Augustine,FL,0 
Macomb,IL,0 
Marquette ,MI,0 
Greenfield,MA,0 
Clarksville,TN,0 
Manhattan,KS,0 
Modesto,CA,0 
Tyler,TX,0 
Modesto,CA,0 
Clarksville,TN,0 
Manhattan,KS,0 
Marquette ,MI,0 
Greenfield,MA,0 
Modesto,CA,0 
Oxford,MS,0 
Tyler,TX,0 
Tyler,TX,0 
Cape May Court House,NJ,0 
St. Croix,VI,0 
Galveston,TX,0 
Galveston,TX,0 
Bangor,ME,0 
Galveston,TX,0 
La Verne,CA,0 
Rocky Mount,NC,0 
Sandusky,OH,0 
Bangor,ME,0 
Hermitage,PA,0 
Galveston,TX,0 
Cullman,AL,0 
Jersey City,NJ,0 
San Juan,PR,0 
Hermitage,PA,0 
Sandusky,OH,0 
La Verne,CA,0 
Rocky Mount,NC,0 
St. Croix,VI,0 
Thousand Oaks,CA,0 
Pocatello,ID,0 
 Norman,OK,0 
Austin,MN,0 
Purcellville,VA,0 
Bangor,ME,0 
Purcellville,VA,0 
Austin,MN,0 
Pocatello,ID,0 
 Norman,OK,0 
Thousand Oaks,CA,0 
Bennington,VT,0 
Fond du Lac,WI,0 
Butler,PA,0 
Houston,TX,0 
Fond du Lac,WI,0 
Moses Lake,WA,0 
Caguas,PR,0 
Palos Verdes Peninsula,CA,0 
Houston,TX,0 
Sycamore,IL,0 
Butler,PA,0 
Trenton,NJ,0 
Snowmass Village,CO,0 
Portland,ME,0 
Burlington,NC,0 
McDonough,GA,0 
Smithfield,NC,0 
Kannapolis,NC,0 
Ellsworth,ME,0 
Grand Haven,MI,0 
Dixon,IL,0 
Florence,SC,0 
Alpena,MI,0 
Sycamore,IL,0 
Caguas,PR,0 
Palos Verdes Peninsula,CA,0 
Moses Lake,WA,0 
Alpena,MI,0 
Florence,SC,0 
Bennington,VT,0 
Butler,PA,0 
Ketchum,ID,0 
Johnson City,TN,0 
Houston,TX,0 
Waterloo,IA,0 
Las Cruces,NM,0 
Las Cruces,NM,0 
Waterloo,IA,0 
Johnson City,TN,0 
Fond du Lac,WI,0 
Ketchum,ID,0 
Fond du Lac,WI,0 
Dixon,IL,0 
Ketchum,ID,0 
FRANKLIN,IN,0 
Columbus,GA,0 
Flemington,NJ,0 
Corvallis,OR,0 
Martinsburg,WV,0 
Visalia,CA,0 
Mayville,NY,0 
Roseburg,OR,0 
Roseburg,OR,0 
Three Rivers,MI,0 
Tiffin,OH,0 
Charlottesville,VA,0 
Bamberg,SC,0 
Moncks Corner,SC,0 
LOGANSPORT,IN,0 
Carolina,PR,0 
Three Rivers,MI,0 
Mayville,NY,0 
Visalia,CA,0 
Carolina,PR,0 
Midland,TX,0 
LOGANSPORT,IN,0 
Martinsburg,WV,0 
FRANKLIN,IN,0 
Roseburg,OR,0 
Corvallis,OR,0 
Flemington,NJ,0 
Columbus,GA,0 
Indiana,PA,0 
Lecanto,FL,0 
Wood Ridge,NJ,0 
Abingdon,MD,0 
Midland,TX,0 
Wood Ridge,NJ,0 
Abingdon,MD,0 
Midland,TX,0 
Indiana,PA,0 
Lecanto,FL,0 
Waco,TX,0 
Macon,GA,0 
Montrose,CO,0 
Benton Harbor,MI,0 
Fargo,ND,0 
Blackwood,NJ,0 
Howell,MI,0 
Fairview,OK,0 
Goleta,CA,0 
Missoula,MT,0 
Durham,NH,0 
Oak Harbor,OH,0 
Independence,KS,0 
Marion,VA,0 
Houma,LA,0 
Hugo,OK,0 
Live Oak ,FL,0 
MSU,MS,0 
Monroe,NC,0 
Fargo,ND,0 
Montrose,CO,0 
Benton Harbor,MI,0 
Waco,TX,0 
Macon,GA,0 
Waco,TX,0 
Soldotna,AK,0 
Nampa,ID,0 
Nampa,ID,0 
Soldotna,AK,0 
Monroe,NC,0 
MSU,MS,0 
Bozeman,MT,0 
Cary,NC,0 
Amarillo,TX,0 
Roseville,CA,0 
Elmira,NY,0 
Bismarck,ND,0 
Roseville,CA,0 
Lexington,NC,0 
Visalia,CA,0 
Belvidere,NJ,0 
Crookston,MN,0 
Hamburg,NJ,0 
Glen Rose ,TX,0 
St. Johns,MI,0 
Harrison,MI,0 
Biddeford,ME,0 
Altus,OK,0 
Allegan,MI,0 
Morristown,NJ,0 
Monon,IN,0 
Roanoke,VA,0 
Morgantown,WV,0 
Charlotte,MI,0 
Hamburg,NJ,0 
Charlotte,MI,0 
Visalia,CA,0 
Belvidere,NJ,0 
Crookston,MN,0 
Lexington,NC,0 
Bismarck,ND,0 
Amarillo,TX,0 
Elmira,NY,0 
Cary,NC,0 
Bozeman,MT,0 
Bluefield,WV,0 
Bluefield,WV,0 
Roseville,CA,0 
Morgantown,WV,0 
Bluffton,SC,0 
Lompoc,CA,0 
Ukiah,CA,0 
Fayetteville,AR,0 
Murray,KY,0 
Macclenny,FL,0 
Natchez,MS,0 
West Burlington,IA,0 
Paramus,NJ,0 
Bartow,FL,0 
Minot,ND,0 
Lapeer ,MI,0 
Richton,MS,0 
Mt. Vernon,OH,0 
Port Gibson,MS,0 
Cadillac,MI,0 
Princeton,IL,0 
Manistee ,MI,0 
Columbus ,TX,0 
North Wilkesboro,NC,0 
Macclenny,FL,0 
Murray,KY,0 
North Wilkesboro,NC,0 
Lompoc,CA,0 
Fayetteville,AR,0 
Ukiah,CA,0 
Bluffton,SC,0 
Lompoc,CA,0 
Kalispell,MT,0 
Kalispell,MT,0 
Girard,KS,0 
Walla Walla,WA,0 
Conway,SC,0 
Lawton,OK,0 
Muskegon Heights,MI,0 
Dothan,AL,0 
Mankato ,MN,0 
Zanesville,OH,0 
Wadena,MN,0 
Carlsbad,NM,0 
Dothan,AL,0 
Walla Walla,WA,0 
Winter Park,CO,0 
Camden,AL,0 
West Deptford,NJ,0 
Brookings,SD,0 
Midland,MI,0 
Concord,NH,0 
PRUDENVILLE,MI,0 
Gypsum,CO,0 
Bushnell,FL,0 
Salisbury,NC,0 
Dillsboro,IN,0 
Bushnell,FL,0 
Salisbury,NC,0 
Dillsboro,IN,0 
Carlsbad,NM,0 
Winter Park,CO,0 
Wadena,MN,0 
Zanesville,OH,0 
Mankato ,MN,0 
Lawton,OK,0 
Muskegon Heights,MI,0 
Conway,SC,0 
Girard,KS,0 
Dothan,AL,0 
Muscatine,IA,0 
Walla Walla,WA,0 
Muscatine,IA,0 
Winter Park,CO,0 
McMinnville,OR,0 
Juneau,AK,0 
Greeley,CO,0 
McMinnville,OR,0 
Fairmont,WV,0 
Wilson,NC,0 
Reidsville,NC,0 
Torrington,CT,0 
Sheboygan,WI,0 
Tillamook,OR,0 
McMinnville,OR,0 
Goldsboro,NC,0 
Clarksburg,WV,0 
Yauco,PR,0 
Tillamook,OR,0 
Steamboat Springs,CO,0 
Pittsboro,NC,0 
WAUSAU,WI,0 
Clermont,FL,0 
Lillington,NC,0 
Fredericksburg,VA,0 
Okmulgee,OK,0 
Steamboat Springs,CO,0 
Camarillo,CA,0 
Jackson,WY,0 
New Bern,NC,0 
Jackson,WY,0 
Camarillo,CA,0 
New Bern,NC,0 
WAUSAU,WI,0 
Pittsboro,NC,0 
Yauco,PR,0 
Goldsboro,NC,0 
Clarksburg,WV,0 
Wilson,NC,0 
Sheboygan,WI,0 
Reidsville,NC,0 
Steamboat Springs,CO,0 
Torrington,CT,0 
Fairmont,WV,0 
Greeley,CO,0 
Juneau,AK,0 
Tillamook,OR,0 
Cherokee,NC,0 
Denton,MD,0 
Cherokee,NC,0 
Denton,MD,0 
Okmulgee,OK,0 
Hamlin,WV,0 
Dubuque,IA,0 
Rapid City,SD,0 
Plainview,MN,0 
Battle Creek,MI,0 
Idaho Falls,ID,0 
Bemidji,MN,0 
Stillwater,OK,0 
Elizabeth City,NC,0 
Ludington,MI,0 
McConnelsville,OH,0 
Barnwell,SC,0 
Sparta,IL,0 
Waco ,TX,0 
Itta Bena,MS,0 
Oakland,MD,0 
Presque Isle,ME,0 
Radford,VA,0 
Parkersburg,WV,0 
Mineral Wells,TX,0 
Stillwater,OK,0 
Bemidji,MN,0 
Idaho Falls,ID,0 
Battle Creek,MI,0 
Rapid City,SD,0 
Dubuque,IA,0 
Hamlin,WV,0 
Plainview,MN,0 
Sonora,CA,0 
Sonora,CA,0 
Mineral Wells,TX,0 
Mineral Wells,TX,0 
Parkersburg,WV,0 
Anderson,IN,0 
Kingwood,WV,0 
Kansas City,KS,0 
Waite Park,MN,0 
Mason City,IA,0 
Petersburg,WV,0 
Laramie,WY,0 
Lima,OH,0 
Lancaster,OH,0 
Chillicothe,OH,0 
Corydon,IN,0 
Joshua Tree,CA,0 
LaGrande,OR,0 
LaGrande,OR,0 
Breckenridge,CO,0 
Pullman,WA,0 
Joshua Tree,CA,0 
Pablo,MT,0 
Asheboro,NC,0 
Beulah,MI,0 
Olive Hill,KY,0 
Beaumont ,TX,0 
Huron,SD,0 
Sanford,ME,0 
Charleston,IL,0 
Greenville ,TX,0 
Richmond,MO,0 
Waynesville,NC,0 
Pekin,IL,0 
Lebanon,OH,0 
Beulah,MI,0 
Asheboro,NC,0 
Pablo,MT,0 
Pullman,WA,0 
Corydon,IN,0 
Breckenridge,CO,0 
Chillicothe,OH,0 
Lancaster,OH,0 
Lima,OH,0 
LaGrande,OR,0 
Joshua Tree,CA,0 
Mason City,IA,0 
Petersburg,WV,0 
Laramie,WY,0 
Waite Park,MN,0 
Kingwood,WV,0 
Kansas City,KS,0 
Anderson,IN,0 
Breckenridge,CO,0 
California,MD,0 
California,MD,0 
Fergus Falls,MN,0 
Cleveland,TN,0 
Kalkaska,MI,0 
Grand Junction,CO,0 
ELLETTSVILLE,IN,0 
High Point,NC,0 
Petersburg,VA,0 
Union City,CA,0 
Hollister,CA,0 
Hollister,CA,0 
Bangor,MI,0 
Spindale,NC,0 
West Jefferson,NC,0 
Del Rio ,TX,0 
Sisseton,SD,0 
Port St. Joe,FL,0 
Idlewild,MI,0 
Gladwin,MI,0 
Dubuque,IA,0 
Bismarck,ND,0 
Whitmore Lake,MI,0 
St. Joseph,MI,0 
Cooperstown,NY,0 
Beckley,WV,0 
Findlay,OH,0 
Escanaba,MI,0 
Noblesville,IN,0 
Towson,MD,0 
Newberry,SC,0 
Jim Thorpe,PA,0 
West Jefferson,NC,0 
Del Rio ,TX,0 
Spindale,NC,0 
Bangor,MI,0 
Union City,CA,0 
Petersburg,VA,0 
ELLETTSVILLE,IN,0 
Grand Junction,CO,0 
High Point,NC,0 
Hollister,CA,0 
Kalkaska,MI,0 
Cleveland,TN,0 
Fergus Falls,MN,0 
Jim Thorpe,PA,0 
Newberry,SC,0 
Madera,CA,0 
Jefferson City,MO,0 
Madera,CA,0 
Jefferson City,MO,0 
Clinton,IA,0 
Simi Valley,CA,0 
Danville,VA,0 
Fernandina Beach,FL,0 
Garden City,KS,0 
Manchester,NH,0 
Aiken,SC,0 
Cleburne,TX,0 
Lincolnton,NC,0 
Janesville,WI,0 
Malone,NY,0 
Los Alamos,NM,0 
Malone,NY,0 
Norwich,NY,0 
Yankton,SD,0 
Lancaster,SC,0 
D'Lo,MS,0 
Niobrara,NE,0 
Boyne City,MI,0 
Denham Springs,LA,0 
Jacksonville,NC,0 
Shelby,NC,0 
Los Alamos,NM,0 
Janesville,WI,0 
Lincolnton,NC,0 
Cleburne,TX,0 
Malone,NY,0 
Aiken,SC,0 
Manchester,NH,0 
Garden City,KS,0 
Simi Valley,CA,0 
Danville,VA,0 
Fernandina Beach,FL,0 
Clinton,IA,0 
Shelby,NC,0 
Kingsville ,TX,0 
Bowling Green,KY,0 
Mayaguez,PR,0 
Quincy,IL,0 
Quincy,IL,0 
Lodi,CA,0 
Lodi,CA,0 
Bowling Green,KY,0 
Kingsville ,TX,0 
Downey,CA,0 
Cerritos,CA,0 
Mansfield,OH,0 
Centreville ,MD,0 
Dayton,WA,0 
Mayaguez,PR,0 
Austin,TX,0 
Monroe,LA,0 
Fort Dodge,IA,0 
Mayaguez,PR,0 
Washington Court House,OH,0 
Guaynabo,PR,0 
Wilder,VT,0 
Sandusky,MI,0 
St. Joseph,MO,0 
Salem,NJ,0 
Greenville,IL,0 
Sanford,NC,0 
Thomasville,GA,0 
Live Oak,FL,0 
Griffin,GA,0 
Mt. Morris,NY,0 
Chester,SC,0 
Grayling,MI,0 
Rock Hill,SC,0 
Wilmington,OH,0 
Clinton,NC,0 
Vicksburg,MS,0 
Lebanon,IN,0 
Beatrice,NE,0 
Springfield,MA,0 
Hastings,MI,0 
Guaynabo,PR,0 
Wilder,VT,0 
Washington Court House,OH,0 
Monroe,LA,0 
Fort Dodge,IA,0 
Austin,TX,0 
Dayton,WA,0 
Centreville ,MD,0 
Mansfield,OH,0 
Downey,CA,0 
Cerritos,CA,0 
Hastings,MI,0 
Cumberland,MD,0 
Frankfort,KY,0 
Corona,CA,0 
Fairbanks,AK,0 
Carson,CA,0 
Alhambra,CA,0 
Alhambra,CA,0 
Carson,CA,0 
Fairbanks,AK,0 
Cumberland,MD,0 
Frankfort,KY,0 
Corona,CA,0 
Plattsburgh,NY,0 
San Lorenzo,PR,0 
Cortland,NY,0 
Vacaville,CA,0 
Nantucket,MA,0 
Canton,GA,0 
Elizabeth,NJ,0 
Fort Yates,ND,0 
Caro,MI,0 
Sheridan,WY,0 
Valparaiso,IN,0 
Danville,IL,0 
Omaha,NE,0 
Hayward,WI,0 
Owosso,MI,0 
Kinston,NC,0 
Aspermont ,TX,0 
Circleville,OH,0 
Munising,MI,0 
Malden,MO,0 
Ottawa,IL,0 
Bellaire,MI,0 
Davenport,IA,0 
Greensboro,NC,0 
Convent,LA,0 
Stanardsville,VA,0 
Nantucket,MA,0 
Canton,GA,0 
Vacaville,CA,0 
San Lorenzo,PR,0 
Cortland,NY,0 
Plattsburgh,NY,0 
Eureka,CA,0 
Prince Frederick,MD,0 
South Gate,CA,0 
Arcadia,CA,0 
Riverton,WY,0 
Cheyenne,WY,0 
Elkins,WV,0 
Willimantic,CT,0 
Omak,WA,0 
Omak,WA,0 
Elkins,WV,0 
Arcadia,CA,0 
Riverton,WY,0 
Cheyenne,WY,0 
Grants Pass,OR,0 
Prince Frederick,MD,0 
Willimantic,CT,0 
Eureka,CA,0 
Grants Pass,OR,0 
South Gate,CA,0 
Grants Pass,OR,0 
kittanning,PA,0 
McAllen,TX,0 
Park Rapids,MN,0 
Willimantic,CT,0 
Goldendale,WA,0 
Lowville,NY,0 
Blountstown,FL,0 
Monticello,IL,0 
Stratton,CO,0 
Enid,OK,0 
West Bend,WI,0 
New Ulm,MN,0 
Gatlinburg,TN,0 
Marshalltown,IA,0 
Crown Point,IN,0 
Huntington,IN,0 
Lakewood,CA,0 
Gaylord,MI,0 
Elizabethtown,NY,0 
Burbank,CA,0 
Jackson,KY,0 
Morrison,IL,0 
Sturgeon Bay,WI,0 
Doniphan,MO,0 
Freehold,NJ,0 
Window Rock,AZ,0 
Chardon,OH,0 
Ashland,MS,0 
Yakima,WA,0 
Sebring,FL,0 
Lowville,NY,0 
Goldendale,WA,0 
McAllen,TX,0 
Park Rapids,MN,0 
kittanning,PA,0 
Yakima,WA,0 
Sebring,FL,0 
Albany,OR,0 
Ironton,OH,0 
Springfield,OH,0 
Tracy,CA,0 
Newport,OR,0 
Clarkston,WA,0 
Sacramento,CA,0 
Gadsden,AL,0 
Kingsport,TN,0 
Peach Springs,AZ,0 
Casper,WY,0 
Alhambra,CA,0 
Peach Springs,AZ,0 
Casper,WY,0 
Alhambra,CA,0 
Kingsport,TN,0 
El Monte,CA,0 
El Monte,CA,0 
Gadsden,AL,0 
Sacramento,CA,0 
Albany,OR,0 
Ironton,OH,0 
Springfield,OH,0 
Tracy,CA,0 
Newport,OR,0 
Porterville,CA,0 
Glendora,CA,0 
Eureka Springs,AR,0 
Ashtabula,OH,0 
Rock Springs,WY,0 
Clarkston,WA,0 
Elyria,OH,0 
El Monte,CA,0 
Clarkston,WA,0 
Danville,IL,0 
Calabasas,CA,0 
Cambridge,IL,0 
Ashland,WI,0 
Albemarle,NC,0 
Warsaw,NY,0 
Fort Smith,AR,0 
Jamestown,ND,0 
Grand Portage,MN,0 
New Roads,LA,0 
Americus,GA,0 
Bolivia,NC,0 
Amite,LA,0 
Boise,ID,0 
Annapolis,MD,0 
Danville,IL,0 
Calabasas,CA,0 
Elyria,OH,0 
Oneonta,NY,0 
Ashtabula,OH,0 
Porterville,CA,0 
Rock Springs,WY,0 
Eureka Springs,AR,0 
Glendora,CA,0 
Annapolis,MD,0 
Oneonta,NY,0 
Sacramento,CA,0 
Newport,OR,0 
Oneonta,NY,0 
El Monte,CA,0 
Gerber,CA,0 
Galesburg,IL,0 
Concord,NC,0 
Hagerstown,MD,0 
Inglewood,CA,0 
Gardnerville,NV,0 
Chelsea,MI,0 
Elkton,MD,0 
Sweet Home,OR,0 
Tuscaloosa,AL,0 
Port Townsend,WA,0 
Toa Baja,PR,0 
Gold Beach,OR,0 
Ketchikan,AK,0 
Lincoln,IL,0 
Gold Beach,OR,0 
Hagatna,GU,0 
Ketchikan,AK,0 
Lincoln,IL,0 
Hagatna,GU,0 
Tuscaloosa,AL,0 
Astoria,OR,0 
Elkton,MD,0 
Sweet Home,OR,0 
Toa Baja,PR,0 
Astoria,OR,0 
Coos Bay,OR,0 
Hagerstown,MD,0 
Coos Bay,OR,0 
Galesburg,IL,0 
Gerber,CA,0 
Gardnerville,NV,0 
Chelsea,MI,0 
Concord,NC,0 
Port Townsend,WA,0 
Inglewood,CA,0 
Coos Bay,OR,0 
Astoria,OR,0 
Laredo ,TX,0 
Pueblo,CO,0 
Port Townsend,WA,0 
Durango,CO,0 
Franklin,NC,0 
Greenville,NC,0 
Woodsfield,OH,0 
Pocahontas,AR,0 
Freeport,IL,0 
Belvidere,IL,0 
Midland,MI,0 
Lake Charles,LA,0 
Chickamauga,GA,0 
Hazlehurst,MS,0 
Bay City,MI,0 
Raeford,NC,0 
Newland,NC,0 
Carrollton,OH,0 
Wadesboro,NC,0 
Whittier,CA,0 
Fayetteville,NC,0 
Dover,OH,0 
North Platte,NE,0 
Peoria,IL,0 
Waynesboro,GA,0 
Fort Hall,ID,0 
Bellefonatine,OH,0 
Alma,MI,0 
Bakersville,NC,0 
Kendalville,IN,0 
Minden,LA,0 
West Branch,MI,0 
Beaver Dam,WI,0 
Whiteville,NC,0 
Greenfield ,IN,0 
Ashville,AL,0 
Dickinson,ND,0 
Aberdeen,SD,0 
Morehead City,NC,0 
Columbus,NC,0 
Durango,CO,0 
Pueblo,CO,0 
Laredo ,TX,0 
Franklin,NC,0 
Inglewood,CA,0 
Columbus,NC,0 
Morehead City,NC,0 
Staunton,VA,0 
Bayamon,PR,0 
Jacksonville,NC,0 
Cambridge,MN,0 
Jonesboro,AR,0 
Houma,LA,0 
Woodburn,OR,0 
Jackson,CA,0 
Arlington,WA,0 
Warren,PA,0 
Margate,FL,0 
Hazleton,PA,0 
Farmington,NM,0 
Omak,WA,0 
Gering,NE,0 
Middletown,CT,0 
Raymond,WA,0 
Brooksville,FL,0 
Independence,MO,0 
Centerbrook,CT,0 
Ashland,KY,0 
Greenville,NC,0 
Hutchinson,KS,0 
Usk,WA,0 
Gainesville,GA,0 
Greenville,NC,0 
Independence,MO,0 
Sault Ste Marie,MI,0 
Usk,WA,0 
Gainesville,GA,0 
Laughlin,NV,0 
Hutchinson,KS,0 
Big Bear Lake,CA,0 
Centerbrook,CT,0 
Ashland,KY,0 
Middletown,CT,0 
Laughlin,NV,0 
Raymond,WA,0 
Gering,NE,0 
Brooksville,FL,0 
Houma,LA,0 
Margate,FL,0 
Sault Ste Marie,MI,0 
Big Bear Lake,CA,0 
Omak,WA,0 
Big Bear Lake,CA,0 
Woodburn,OR,0 
Hazleton,PA,0 
Farmington,NM,0 
Arlington,WA,0 
Sault Ste Marie,MI,0 
Cambridge,MN,0 
Jonesboro,AR,0 
Warren,PA,0 
Laughlin,NV,0 
Jackson,CA,0 
Bayamon,PR,0 
Jacksonville,NC,0 
Staunton,VA,0 
Canton,MS,0 
Utica,NY,0 
Napoleonville,LA,0 
Tupelo,MS,0 
Hays,KS,0 
Jesup,GA,0 
Cheboygan ,MI,0 
Owenton,KY,0 
Mt. Carroll,IL,0 
Rushford,MN,0 
Pulaski,VA,0 
St. Maries,ID,0 
Sheridan,WY,0 
McCormick,SC,0 
LaGrange,IN,0 
Jackson,MS,0 
Hornell,NY,0 
Winnsboro,SC,0 
Breckenridge,CO,0 
Tonopah,NV,0 
West Monroe,LA,0 
Grand Island,NE,0 
San Andreas,CA,0 
Sidney,OH,0 
Fulton,MO,0 
Kenansville,NC,0 
Glasgow,MT,0 
Bristol,FL,0 
Bronson,FL,0 
Plentywood,MT,0 
Hattiesburg,MS,0 
Oakdale,LA,0 
Prentiss,MS,0 
Nanuet,NY,0 
Pine Ridge,SD,0 
Parksley,VA,0 
Hendersonville,NC,0 
Coldwater,MI,0 
Philippi,WV,0 
Philippi,WV,0 
Coldwater,MI,0 
Parksley,VA,0 
Hendersonville,NC,0 
Jackson,CA,0 
Roxboro,NC,0 
Dayville,CT,0 
Big Sky,MT,0 
Stevenson,WA,0 
Carthage,NC,0 
Alexandria,LA,0 
Hattiesburg,MS,0 
Farmville,VA,0 
Bullhead City,AZ,0 
Fort Smith,AR,0 
Hillsborough,NC,0 
Crested Butte,CO,0 
Coolidge,AZ,0 
Franklin,TN,0 
St. George,UT,0 
Monterey Park,CA,0 
West Hollywood,CA,0 
Round Rock,TX,0 
Texarkana,TX,0 
Richmond,IN,0 
Oregon City,OR,0 
Elko,NV,0 
Butte,MT,0 
Cottonwood,AZ,0 
Hood River,OR,0 
Kankakee,IL,0 
Wasilla,AK,0 
Butte,MT,0 
Keene,NH,0 
Prairie du Chien,WI,0 
Wasilla,AK,0 
Keene,NH,0 
Elko,NV,0 
Prairie du Chien,WI,0 
Kankakee,IL,0 
Franklin,TN,0 
West Hollywood,CA,0 
St. George,UT,0 
Monterey Park,CA,0 
Round Rock,TX,0 
Texarkana,TX,0 
Richmond,IN,0 
Cobleskill,NY,0 
Bullhead City,AZ,0 
Fort Smith,AR,0 
Cobleskill,NY,0 
Crested Butte,CO,0 
Cottonwood,AZ,0 
Cobleskill,NY,0 
Farmville,VA,0 
Hillsborough,NC,0 
Oregon City,OR,0 
Hattiesburg,MS,0 
Hood River,OR,0 
Coolidge,AZ,0 
Carthage,NC,0 
Oregon City,OR,0 
Hood River,OR,0 
Alexandria,LA,0 
Cottonwood,AZ,0 
Auburn,IN,0 
Washington,NC,0 
Oneida,WI,0 
Bayonne,NJ,0 
Huntsville,AL,0 
Elkhorn,WI,0 
Galena,IL,0 
Merced,CA,0 
Prattville,AL,0 
Paoli,IN,0 
Yanceyville,NC,0 
Dalton,GA,0 
Lawton,OK,0 
Batavia,NY,0 
Rhinelander,WI,0 
Nevada City,CA,0 
Key West,FL,0 
Cassopolis,MI,0 
Hot Springs,MT,0 
Rock Island,IL,0 
Manistique,MI,0 
Peru,IN,0 
Jerseyville,IL,0 
Urbana,OH,0 
Cadiz,OH,0 
VINCINNES,IN,0 
Alhambra,CA,0 
Rockingham,NC,0 
Marksville,LA,0 
Evans,GA,0 
Fredonia,AZ,0 
Blackshear,GA,0 
Corsicana ,TX,0 
Adrian,MI,0 
YORKTOWN,IN,0 
Columbia City,IN,0 
Mukilteo,WA,0 
Franklinton,LA,0 
Mt. Holly,NJ,0 
Dixon,CA,0 
Yorkville,IL,0 
Shawnee,OK,0 
Crested Butte,CO,0 
Big Sky,MT,0 
Roxboro,NC,0 
Coolidge,AZ,0 
Dayville,CT,0 
Stevenson,WA,0 
Edgefield,SC,0 
Portage,WI,0 
Burlington ,IA,0 
Brookville,IN,0 
Red Cloud,NE,0 
Plymouth,IN,0 
Monrovia,CA,0 
Marshfield,WI,0 
Crawfordville,FL,0 
Twin Falls,ID,0 
Ville Platte,LA,0 
Williston,ND,0 
Lafayette,LA,0 
Cartersville,GA,0 
Onalaska,WI,0 
Owensboro,KY,0 
Peridot,AZ,0 
Goshen,NY,0 
Pahrump,NV,0 
San Luis Obispo,CA,0 
Chatsworth,GA,0 
Columbus,KS,0 
Ringgold,GA,0 
Robbinsville,NC,0 
Grantsville,WV,0 
Burgaw,NC,0 
Chickasha,OK,0 
Monroe,WI,0 
Trinidad,CO,0 
Watertown,SD,0 
Jonesboro,AR,0 
Libby,MT,0 
Mitchell,SD,0 
Sidney,MT,0 
Avon,CO,0 
Rich Square,NC,0 
Shafter,CA,0 
Chanute,KS,0 
Connersville,IN,0 
Burnsville,NC,0 
Big Rapids,MI,0 
Murphy,NC,0 
Sylva,NC,0 
Athens,OH,0 
Fallon,NV,0 
Monmouth,IL,0 
The Dalles,OR,0 
Marshalltown,IA,0 
Steubenville,OH,0 
San Sebastian,PR,0 
Chamblee,GA,0 
Roswell,NM,0 
Silver City,NM,0 
Piketon,OH,0 
Ponce,PR,0 
Gastonia,NC,0 
Joplin,MO,0 
Klamath Falls,OR,0 
Fairmont,MN,0 
Concord,NH,0 
Helena,MT,0 
Brainerd,MN,0 
Ottumwa,IA,0 
Nett Lake,MN,0 
Port Arthur,TX,0 
Columbus,IN,0 
Summersville,WV,0 
Ellensburg,WA,0 
Tucson,AZ,0 
Carson City,NV,0 
Ellensburg,WA,0 
Nett Lake,MN,0 
Port Arthur,TX,0 
Carson City,NV,0 
Columbus,IN,0 
Delano,CA,0 
Summersville,WV,0 
Edmond,OK,0 
Delano,CA,0 
Tucson,AZ,0 
Concord,NH,0 
Ottumwa,IA,0 
Joplin,MO,0 
Fairmont,MN,0 
Brainerd,MN,0 
Edmond,OK,0 
Klamath Falls,OR,0 
Gastonia,NC,0 
Helena,MT,0 
Piketon,OH,0 
Roswell,NM,0 
Silver City,NM,0 
San Sebastian,PR,0 
Edmond,OK,0 
Chamblee,GA,0 
Ponce,PR,0 
Athens,OH,0 
Delano,CA,0 
The Dalles,OR,0 
Murphy,NC,0 
Marshalltown,IA,0 
Sylva,NC,0 
Fallon,NV,0 
Steubenville,OH,0 
Monmouth,IL,0 
Logan,OH,0 
LIBERTY,IN,0 
Malibu,CA,0 
Oneonta,AL,0 
Ionia,MI,0 
Greenville,OH,0 
Williamston,NC,0 
Wichita Falls,TX,0 
Rock Hill,SC,0 
Marion,OH,0 
Norwalk,OH,0 
Great Bend,KS,0 
Bluffton,IN,0 
Chippewa Falls,WI,0 
Arcadia,LA,0 
Urbana,IL,0 
Catskill,NY,0 
FRANKFORT,IN,0 
Monticello,IN,0 
Lindsay,OK,0 
Tallulah,LA,0 
Wisconsin Rapids,WI,0 
Jennings,LA,0 
Gallup,NM,0 
Yreka,CA,0 
Rosebud ,SD,0 
LaGrange,GA,0 
Rochester,IN,0 
Lumberton,NC,0 
Angola,IN,0 
Wallington,NJ,0 
Bowman,ND,0 
Fremont,OH,0 
Clinton,LA,0 
Mansfield,LA,0 
Opelousas,LA,0 
Carthage,IL,0 
Kenai,AK,0 
Quincy,CA,0 
Sparta,NC,0 
Franklin,LA,0 
Spartanburg,SC,0 
Grand Prairie,TX,0 
Rochester,NY,0 
Weirton,WV,0 
Clovis,NM,0 
Dexter,MO,0 
Effingham,IL,0 
Valdosta,GA,0 
Clanton,AL,0 
Malta,MT,0 
Burns,OR,0 
Washington,DC,0 
Valparaiso,IN,0 
White Earth,MN,0 
Newcastle,WY,0 
Mariposa,CA,0 
WARSAW,IN,0 
Vienna,GA,0 
Oskaloosa,KS,0 
Watertown,WI,0 
Manteo,NC,0 
Winona,MN,0 
Cottage Grove,OR,0 
Manchester,NH,0 
Visalia,CA,0 
Beloit,WI,0 
Milbridge,ME,0 
Berlin,NH,0 
John Day,OR,0 
Alamogordo,NM,0 
Lares,PR,0 
Manitowoc,WI,0 
Auburn,ME,0 
Houghton ,MI,0 
Talkeetna,AK,0 
Barceloneta,PR,0 
Poplar ,MT,0 
Liberal,KS,0 
Ontario,OR,0 
Centralia,WA,0 
Canby,OR,0 
Longview,TX,0 
Pendleton,OR,0 
Colville,WA,0 
Michigan City,IN,0 
Valparaiso,IN,0 
Vega Baja,PR,0 
West Covina,CA,0 
Vega Baja,PR,0 
West Covina,CA,0 
Valparaiso,IN,0 
Centralia,WA,0 
Wellpinit,WA,0 
Pendleton,OR,0 
Longview,TX,0 
Colville,WA,0 
Canby,OR,0 
Wellpinit,WA,0 
Talkeetna,AK,0 
Poplar ,MT,0 
Alamogordo,NM,0 
Lares,PR,0 
Manitowoc,WI,0 
Auburn,ME,0 
Milbridge,ME,0 
Berlin,NH,0 
Wellpinit,WA,0 
Barceloneta,PR,0 
Michigan City,IN,0 
Liberal,KS,0 
John Day,OR,0 
Visalia,CA,0 
Michigan City,IN,0 
Houghton ,MI,0 
Beloit,WI,0 
Manchester,NH,0 
Ontario,OR,0 
Cottage Grove,OR,0 
Ontario,OR,0 
Winona,MN,0 
Mayetta,KS,0 
Fort Payne,AL,0 
Goldfield,NV,0 
Lemmon,SD,0 
Pembrokes Pines,FL,0 
Blackstone,VA,0 
North Bend,WA,0 
Shawnee,OK,0 
Lauderhill,FL,0 
Gillette,WY,0 
Tahlequah,OK,0 
Murfreesboro,TN,0 
Chatom,AL,0 
Sikeston,MO,0 
Augusta,KS,0 
Lake Charles,LA,0 
Dove Creek,CO,0 
Portsmouth,OH,0 
Swan Quarter,NC,0 
Telluride,CO,0 
Hayesville,NC,0 
Dallas,GA,0 
Pago Pago,AS,0 
Arkansas City,KS,0 
Eureka,IL,0 
Lewistown,MT,0 
Maysville,KY,0 
Cortez,CO,0 
Leesville,LA,0 
Jayuya,PR,0 
Marshall,NC,0 
Littleton,ME,0 
Scottsboro,AL,0 
New Windsor,NY,0 
Albion,NY,0 
Burlington,KS,0 
Norfolk,NE,0 
Hallettsville,TX,0 
Bowling Green,OH,0 
Snow Hill,NC,0 
"Pineville, La.",LA,0 
Blue Ridge,GA,0 
South Portland,ME,0 
Canon City,CO,0 
Eagle Butte,SD,0 
Ashland,OH,0 
Sault Ste. Marie,MI,0 
Big Rapids,MI,0 
Suffolk,VA,0 
Amsterdam,NY,0 
Mora,MN,0 
Claremont,NH,0 
Stevens Point,WI,0 
Juncos,PR,0 
Longview,WA,0 
Chiloquin,OR,0 
Worley,ID,0 
Wilder,VT,0 
Burlington,NC,0 
Emporia,KS,0 
Bell,CA,0 
Lake Charles,LA,0 
Compton,CA,0 
Deerfield Beach,FL,0 
Ladysmith,WI,0 
Douglas,AZ,0 
Aiken,SC,0 
Auburn,WA,0 
Camuy,PR,0 
Dodge City,KS,0 
Roosevelt,UT,0 
Winchester,VA,0 
Folsom,CA,0 
Show Low,AZ,0 
Bristol,TN,0 
Humacao,PR,0 
Cathlamet,WA,0 
Miramar,FL,0 
Fonda,NY,0 
Ignacio,CO,0 
Camuy,PR,0 
Bettendorf,IA,0 
Roosevelt,UT,0 
Winchester,VA,0 
Folsom,CA,0 
Fonda,NY,0 
Ignacio,CO,0 
Aiken,SC,0 
Show Low,AZ,0 
Sandy,OR,0 
Cathlamet,WA,0 
Miramar,FL,0 
Dodge City,KS,0 
Sandy,OR,0 
Bettendorf,IA,0 
Auburn,WA,0 
Bristol,TN,0 
Humacao,PR,0 
Longview,WA,0 
Chiloquin,OR,0 
Worley,ID,0 
Deerfield Beach,FL,0 
Ladysmith,WI,0 
Wilder,VT,0 
Burlington,NC,0 
Lake Charles,LA,0 
Compton,CA,0 
Douglas,AZ,0 
Claremont,NH,0 
Stevens Point,WI,0 
Juncos,PR,0 
Emporia,KS,0 
Suffolk,VA,0 
Amsterdam,NY,0 
Bell,CA,0 
Mora,MN,0 
Bettendorf,IA,0 
Sault Ste. Marie,MI,0 
Big Rapids,MI,0 
Ignacio,CO,0 
Bell,CA,0 
Sandy,OR,0 
Breaux Bridge,LA,0 
Plaquemine,LA,0 
Cody,WY,0 
Ronan,MT,0 
Coushatta,LA,0 
Homer,LA,0 
Morris,IL,0 
Hastings,NE,0 
Newnan,GA,0 
O Neill,NE,0 
Gatesville,NC,0 
East Tawas,MI,0 
Santa Ana Pueblo,NM,0 
Devils Lake,ND,0 
Douglas,MI,0 
Newburgh,NY,0 
Whitehall,MT,0 
Waupaca,WI,0 
Fitzgerald,GA,0 
Lewistown,IL,0 
Cordele,GA,0 
Adrian,MI,0 
Abbeville,LA,0 
Penn Yan,NY,0 
Chester,MT,0 
Canton,NY,0 
Adel,GA,0 
Ironwood,MI,0 
Clayton,NM,0 
Scottsdale,AZ,0 
Cape Girardeau,MO,0 
Azusa,CA,0 
Greensburg,LA,0 
Brewton,AL,0 
East Prairie,MO,0 
Coeur d'Alene,ID,0 
Las Cruces,NM,0 
Marion,IN,0 
Browning,MT,0 
Corcoran,CA,0 
Carnegie,OK,0 
Belmont,NY,0 
Cumming,GA,0 
Lafayette,IN,0 
Corning,NY,0 
Leesville,LA,0 
Fort Atkinson,WI,0 
Monroe,NY,0 
Greenville,MI,0 
Newton,KS,0 
Glendive,MT,0 
Troy,AL,0 
Ponca City,OK,0 
Madison,GA,0 
Gadsden,AL,0 
South Padre Island ,TX,0 
Hamilton,MT,0 
WABASH,IN,0 
Elizabethtown,NC,0 
Colusa,CA,0 
Seneca,KS,0 
Salida,CO,0 
Arvin,CA,0 
Queensbury,NY,0 
Cripple Creek,CO,0 
Coamo,PR,0 
Marietta,OH,0 
Laguna,NM,0 
Comerio,PR,0 
Cudahy,CA,0 
Woodland Park,CO,0 
Bryson City,NC,0 
St Peter,MN,0 
Watkins Glen,NY,0 
Conroe,TX,0 
Concho,OK,0 
Baldwin Park,CA,0 
Sierra Vista,AZ,0 
Cayey,PR,0 
Fajardo,PR,0 
Hobbs,NM,0 
Dinuba,CA,0 
Hormigueros,PR,0 
Pine Bluff,AR,0 
Crow Agency,MT,0 
Madera,CA,0 
Truckee,CA,0 
Bell Gardens,CA,0 
Platteville,WI,0 
Hot Springs,AR,0 
Bell Gardens,CA,0 
Platteville,WI,0 
Laughlin,NV,0 
Hot Springs,AR,0 
Truckee,CA,0 
Cayey,PR,0 
Dorado,PR,0 
Laughlin,NV,0 
Madera,CA,0 
Dorado,PR,0 
Hobbs,NM,0 
Dinuba,CA,0 
Hormigueros,PR,0 
Pine Bluff,AR,0 
Fajardo,PR,0 
Crow Agency,MT,0 
Dorado,PR,0 
Conroe,TX,0 
Baldwin Park,CA,0 
Concho,OK,0 
Sierra Vista,AZ,0 
St Peter,MN,0 
Comerio,PR,0 
Cripple Creek,CO,0 
Laguna,NM,0 
Watkins Glen,NY,0 
Cudahy,CA,0 
Woodland Park,CO,0 
Salida,CO,0 
Arvin,CA,0 
Queensbury,NY,0 
Coamo,PR,0 
Laughlin,NV,0 
Bryson City,NC,0 
Marietta,OH,0 
Lacon,IL,0 
Lamar,CO,0 
South Pasadena,CA,0 
Columbia,LA,0 
Covina,CA,0 
Marshall,MI,0 
Kingman,AZ,0 
McPherson,KS,0 
Laughlin,NV,0 
Jasper,GA,0 
Rushville,IN,0 
Shawano,WI,0 
Buchanan,GA,0 
Lincoln,NE,0 
Artesia,CA,0 
Thomson,GA,0 
Muskegon,MI,0 
Chino Valley,AZ,0 
Reedsburg,WI,0 
Chalmette,LA,0 
Eureka,KS,0 
Wynot,NE,0 
Stoughton,WI,0 
Ripon,WI,0 
Fort Totten,ND,0 
Western,NE,0 
Palacios,TX,0 
Tuskegee,AL,0 
Westcliffe,CO,0 
Americus,GA,0 
Drayton,ND,0 
Berlin,WI,0 
Mashantucket,CT,0 
Sault Sainte Marie,MI,0 
Shelby,MT,0 
Vermillion,SD,0 
Bridgeton,NJ,0 
Olympia,WA,0 
Davie,FL,0 
BEDFORD,IN,0 
Wewoka,OK,0 
Pierre,SD,0 
Imperial,NE,0 
Dawsonville,GA,0 
Waycross,GA,0 
Beloit,KS,0 
Hallandale Beach,FL,0 
McPherson,KS,0 
Winfield,KS,0 
Longview,WA,0 
Columbus,NE,0 
Talbotton,GA,0 
Anderson,IN,0 
Anderson,SC,0 
Ontonagon,MI,0 
Ohkay Owingeh,NM,0 
Morris,MN,0 
Trenton,ND,0 
Greybull,WY,0 
Torrington,WY,0 
Havre,MT,0 
Ada,OK,0 
Alliance,NE,0 
Snoqualmie,WA,0 
Greensboro,GA,0 
Douglas,WY,0 
Baraboo,WI,0 
Beach,ND,0 
Laporte,IN,0 
Silver Springs,NV,0 
Wellington,KS,0 
Rhinelander,WI,0 
Creighton,NE,0 
Minot,ND,0 
Page,AZ,0 
Detroit Lakes,MN,0 
Chappell,NE,0 
Rolla,ND,0 
Las Vegas,NM,0 
Alexander City,AL,0 
Terre Haute,IN,0 
Hazen,ND,0 
Louisville,GA,0 
Auburn,CA,0 
Niles,MI,0 
Warwick,NY,0 
Las Animas,CO,0 
Middletown,OH,0 
Cloquet,MN,0 
Maywood,CA,0 
Brevard,NC,0 
Ridgecrest,CA,0 
Lebanon,OR,0 
Portland,OR,0 
Birmingham,AL,0 
Gloversville,NY,0 
Susanville,CA,0 
Watertown,NY,0 
Hendersonville,NC,0 
Henderson,KY,0 
Hatillo,PR,0 
Manati,PR,0 
Miami,AZ,0 
Red Lake,MN,0 
Berlin,NH,0 
Lewiston,ID,0 
Laurinburg,NC,0 
Ponderay,ID,0 
Manteca,CA,0 
Gakona,AK,0 
Rosemead,CA,0 
Toppenish,WA,0 
Laurinburg,NC,0 
Ponderay,ID,0 
Rosemead,CA,0 
Hatillo,PR,0 
Manati,PR,0 
Miami,AZ,0 
Manteca,CA,0 
Gakona,AK,0 
Toppenish,WA,0 
Gloversville,NY,0 
Watertown,NY,0 
Hendersonville,NC,0 
Henderson,KY,0 
Red Lake,MN,0 
Berlin,NH,0 
Lewiston,ID,0 
Brevard,NC,0 
Lebanon,OR,0 
Birmingham,AL,0 
Susanville,CA,0 
Niles,MI,0 
Warwick,NY,0 
Ridgecrest,CA,0 
Susanville,CA,0 
Portland,OR,0 
Cloquet,MN,0 
Maywood,CA,0 
Las Animas,CO,0 
Middletown,OH,0 
Powell,WY,0 
Guymon,OK,0 
David City,NE,0 
Monroe,NY,0 
Merrill,WI,0 
Lower Brule,SD,0 
Hancock,MI,0 
Panaca,NV,0 
Ellijay,GA,0 
Broadus,MT,0 
Ottawa,KS,0 
Wenatchee,WA,0 
Kimball,NE,0 
Downieville,CA,0 
Lockport,NY,0 
Holdrege,NE,0 
Elmira,NY,0 
Ogallala,NE,0 
Milan,NM,0 
Hudsonville,NY,0 
Osage City,KS,0 
New Castle,IN,0 
Eureka,CA,0 
Ruston ,LA,0 
Anthony,KS,0 
Girdwood,AK,0 
Beverly Hills,CA,0 
Aberdeen,WA,0 
Weaverville,CA,0 
Pompano Beach,FL,0 
Great Bend,KS,0 
Worland,WY,0 
Macy,NE,0 
Manhattan Beach,CA,0 
Oakland,NE,0 
Torrington,CT,0 
Alhambra,CA,0 
York,NE,0 
Marinette,MN,0 
Plymouth,NC,0 
Mashpee,MA,0 
Minneapolis,KS,0 
Belcourt,ND,0 
Viroqua,WI,0 
Afton,WY,0 
Norwich,NY,0 
Burwell,NE,0 
West Plains,MO,0 
Hillsdale,MI,0 
Lander,WY,0 
Belding,MI,0 
Seymour,IN,0 
Coconut Creek,FL,0 
Andalusia,AL,0 
Riverton,WY,0 
Troy,KS,0 
Guntersville,AL,0 
Butler,GA,0 
Ventura,CA,0 
Taunton,MA,0 
Elberton,GA,0 
Quitman,GA,0 
Ord,NE,0 
Neillsville,WI,0 
Lynwood,CA,0 
Salmon,ID,0 
Carrollton,AL,0 
Springfield,IL,0 
Kykotsmovi,AZ,0 
Ketchikan,AK,0 
Seward,NE,0 
Laramie,WY,0 
Trenton,GA,0 
Clinton,MO,0 
Tomah,WI,0 
Ft Gaines,GA,0 
Wayne,NE,0 
Tiger,GA,0 
Hiawatha,KS,0 
Lusk,WY,0 
Geneva,NE,0 
Taft,CA,0 
Buffalo,WY,0 
Lapwai,ID,0 
Jasper,AL,0 
Susanville,CA,0 
Klamath,CA,0 
East Chicago,IN,0 
Kingston,NY,0 
Molalla,OR,0 
Gurabo,PR,0 
Nespelem,WA,0 
Bristol,VA,0 
Mankato,MN,0 
La Junta,CO,0 
Pendleton,OR,0 
Lewiston,ID,0 
Hudson,NY,0 
Willows,CA,0 
Box Elder,MT,0 
Avalon,CA,0 
La Junta,CO,0 
Sidney,NE,0 
Lewiston,ID,0 
Kenosha,WI,0 
Menominee,WI,0 
Camp Verde,AZ,0 
Willows,CA,0 
Box Elder,MT,0 
Sidney,NE,0 
Kenosha,WI,0 
Menominee,WI,0 
Camp Verde,AZ,0 
Bellflower,CA,0 
Pendleton,OR,0 
Hudson,NY,0 
Avalon,CA,0 
Bellflower,CA,0 
Molalla,OR,0 
Susanville,CA,0 
Mankato,MN,0 
Jasper,AL,0 
East Chicago,IN,0 
Kingston,NY,0 
Gurabo,PR,0 
Nespelem,WA,0 
Bristol,VA,0 
Lapwai,ID,0 
Klamath,CA,0 
Eatonton,GA,0 
Rio Vista,CA,0 
Washington,GA,0 
Langdon,ND,0 
Fort Valley,GA,0 
Portales,NM,0 
Ashburn,GA,0 
LaPlace,LA,0 
Wasco,CA,0 
Jordan,MT,0 
Pomeroy,WA,0 
Goliad,TX,0 
Lincolnton,GA,0 
Lamar,MO,0 
Davis,CA,0 
Agoura Hills,CA,0 
Marysville,KS,0 
Milledgeville,GA,0 
Alhambra,CA,0 
Humboldt,NE,0 
Abbeville,GA,0 
Red River,NM,0 
Meeteetse,WY,0 
Park River,ND,0 
Lexington,MA,0 
Elwood,KS,0 
Islesford,ME,0 
Gray,GA,0 
Arcata,CA,0 
Gibson,GA,0 
Tuscola,IL,0 
Big Piney,WY,0 
Stratton,NE,0 
Groton,SD,0 
Sitka,AK,0 
Bisbee,AZ,0 
Wahoo,NE,0 
Madison,SD,0 
Mt. Vernon,MO,0 
Osawatomie,KS,0 
Baker,MT,0 
Mount Carmel,PA,0 
Hillsdale,MI,0 
West Liberty,KY,0 
St. James,MN,0 
Hinesville,GA,0 
Shelton,WA,0 
Summerville,GA,0 
River Falls,WI,0 
Pittsburgh,PA,0 
Eufaula,AL,0 
Salisbury,NC,0 
Hollywood,FL,0 
Irwinton,GA,0 
Driggs,ID,0 
Madison,SD,0 
Vieques,PR,0 
Juneau,AK,0 
Gonzales,TX,0 
Bluefield,VA,0 
Yorktown,VA,0 
Port Jervis,NY,0 
Council Grove,KS,0 
Roberta,GA,0 
Garnett,KS,0 
Maddock,ND,0 
Black Hawk,CO,0 
Jefferson,GA,0 
Woodlake,CA,0 
Atascadero,CA,0 
Deer Lodge,MT,0 
McCook,NE,0 
Bridgeport,NE,0 
Howard,KS,0 
Lincoln,NE,0 
Plover,WI,0 
Chincoteague Island,VA,0 
California City,CA,0 
Cochran,GA,0 
Lyons,KS,0 
Pinedale,WY,0 
Redfield,SD,0 
Calhoun,GA,0 
Sparta,GA,0 
Steele,ND,0 
Fullerton,NE,0 
Fort Duchesne,UT,0 
Paola,KS,0 
Goshen,NY,0 
Herkimer,NY,0 
Eastman,GA,0 
Black River Falls,WI,0 
Jackson,WY,0 
Grant,NE,0 
Montgomery,NY,0 
Wichita,KS,0 
Ely,NV,0 
Oshkosh,NE,0 
Whitewater,WI,0 
Louisburg,KS,0 
Presque Isle ,ME,0 
Pratt,KS,0 
Mullen,NE,0 
Socorro,NM,0 
Benson,AZ,0 
Hibbing,MN,0 
Aguada,PR,0 
Maricopa,AZ,0 
Worthington,MN,0 
Reno,NV,0 
Quartzsite,AZ,0 
Wagner,SD,0 
GUADALUPE,CA,0 
Winnebago,NE,0 
Alturas,CA,0 
Lac Du Flambeau,WI,0 
Solvang,CA,0 
Pagosa Springs ,CO,0 
Pagosa Springs ,CO,0 
Reno,NV,0 
Wagner,SD,0 
GUADALUPE,CA,0 
Winnebago,NE,0 
Solvang,CA,0 
Aguada,PR,0 
Maricopa,AZ,0 
Worthington,MN,0 
Quartzsite,AZ,0 
Benson,AZ,0 
Hibbing,MN,0 
Alturas,CA,0 
Lac Du Flambeau,WI,0 
Jackson,WY,0 
Westmoreland,KS,0 
Houston,MO,0 
Jeffersonville,GA,0 
Guide Rock,NE,0 
Alma,GA,0 
Bayfield,WI,0 
Kingman,KS,0 
Elko,NV,0 
Crawford,NE,0 
Spring Valley,NY,0 
Bloomfield,MO,0 
Russell,KS,0 
DIllon,MT,0 
Monsey,NY,0 
Wildrose,ND,0 
Bellingham,WA,0 
Millen,GA,0 
Havasu Lake ,CA,0 
Stonington,ME,0 
Sacaton,AZ,0 
Dania Beach,FL,0 
Rolla,ND,0 
Carthage,MO,0 
Licking ,MO,0 
Bethel,AK,0 
North Fork,CA,0 
Central City,NE,0 
Alamo,GA,0 
West Yellowstone,MT,0 
Homer,GA,0 
Lincoln,KS,0 
Brimley,MI,0 
Glenwood Springs,CO,0 
Altavista,VA,0 
Markleeville,CA,0 
Lawrence,KS,0 
Chickaloon,AK,0 
Crandon,WI,0 
Atchinson,KS,0 
Nixon,NV,0 
Moscow,ID,0 
Hartford,WI,0 
New Richmond,WI,0 
Winnemucca,NV,0 
Zuni,NM,0 
Albion,NE,0 
Mound City,KS,0 
Santa Fe Springs,CA,0 
Quinter,KS,0 
Ninilchik,AK,0 
Odanah,WI,0 
Abilene,KS,0 
South Hill,VA,0 
McFarland,CA,0 
Colby,KS,0 
Lawndale,CA,0 
Dahlonega,GA,0 
Belleville,KS,0 
Kenmare,ND,0 
Alhambra,CA,0 
Jefferson,WI,0 
Hartwell,GA,0 
"Hiawassee					",GA,0 
Duarte,CA,0 
Medford,WI,0 
Waupun,WI,0 
Chowchilla,CA,0 
Wilson,KS,0 
Alma,KS,0 
Cambridge,NE,0 
Cottonwood Falls,KS,0 
Clarkesville,GA,0 
Plainville,KS,0 
Pico Rivera,CA,0 
Prairie du Sac,WI,0 
Silverton,OR,0 
Cass Lake,MN,0 
Neligh,NE,0 
El Dorado Springs,MO,0 
Warrenton,GA,0 
Clintonville,WI,0 
Ellendale,ND,0 
Hydaburg,AK,0 
Chadron,NE,0 
Oglethrope,GA,0 
Orocovis,PR,0 
Forsyth,MT,0 
Ekalaka,MT,0 
Atwood,KS,0 
Beverly,MA,0 
Moorpark,CA,0 
Carrollton,KY,0 
Lame Deer,MT,0 
Salamanca,NY,0 
Fort Washakie,WY,0 
Niobrara   ,NE,0 
Tifton,GA,0 
Concordia,KS,0 
Excelsior Springs,MO,0 
Morton,WA,0 
Franklin,GA,0 
Alhambra,CA,0 
Ruidoso Downs,NM,0 
St. Joseph,MI,0 
Taramac,FL,0 
Madison,SD,0 
Blairsville,GA,0 
Lauderdale Lakes,FL,0 
Phillipsburg,KS,0 
Tehachapi,CA,0 
Harlem,MT,0 
Alma,NE,0 
Rice Lake,WI,0 
Supai,AZ,0 
Beaver,OK,0 
Newburgh,NY,0 
Kingaman,KS,0 
McVille,ND,0 
Coral Springs,FL,0 
Scobey,MT,0 
Reserve,KS,0 
Huntingburg,IN,0 
Alhambra,CA,0 
New Madrid,MO,0 
Social Circle,GA,0 
Crawfordville,GA,0 
Mauston,WI,0 
Banning,CA,0 
Dowagiac,MI,0 
Nashville,GA,0 
Kodiak,AK,0 
Lake Mills,WI,0 
Richland Center,WI,0 
Paola,KS,0 
Whiteriver,AZ,0 
LaCrosse,KS,0 
Lancaster,WI,0 
Ojai,CA,0 
Bath,ME,0 
Chadron,NE,0 
Port Lavaca,TX,0 
McRae,GA,0 
Wallace,ID,0 
Catano,PR,0 
Escalon,CA,0 
East Windsor,NJ,0 
Wallace,ID,0 
Escalon,CA,0 
Cedar City ,UT,0 
MiltonFreewater,OR,0 
Catano,PR,0 
East Windsor,NJ,0 
Cedar City ,UT,0 
MiltonFreewater,OR,0 
Oakley,KS,0 
Derby,KS,0 
Alhambra,CA,0 
Noatak,AK,0 
Troy,NY,0 
Anacortes,WA,0 
Alhambra,CA,0 
Wakeeney,KS,0 
Hayward,WI,0 
Neah Bay ,WA,0 
Pago Pago,AS,0 
Alhambra,CA,0 
Edgerton,WI,0 
Hyannis,NE,0 
Stoughton,MA,0 
Clay Center,KS,0 
Hillsboro Beach,FL,0 
St. Francis,KS,0 
WASHINGTON,IN,0 
Ellsworth,KS,0 
Mitchell,IN,0 
La Push,WA,0 
Plainview,NE,0 
Schuyler,NE,0 
Goodland,KS,0 
Fort Yukon,AK,0 
Hartford ,SD,0 
Granite Falls,MN,0 
Monticello,NY,0 
Nevada,MO,0 
Nome,AK,0 
Emporia,VA,0 
Manley Hot Springs,AK,0 
Alhambra,CA,0 
Lighthouse Point,FL,0 
Bedford,MA,0 
Macon,MO,0 
Hoisington,KS,0 
Glasgow,KY,0 
Highland Falls,NY,0 
Benkelman,NE,0 
Johnstown,NY,0 
Shelby,OH,0 
Fosston,MN,0 
Boston,MA,0 
Blue Lake,CA,0 
Port Angeles,WA,0 
Ignacio,CO,0 
Needles,CA,0 
Marsing,ID,0 
Atmore,AL,0 
Madison,SD,0 
Seldovia,AK,0 
Oberlin,KS,0 
West Park,FL,0 
Norton,KS,0 
Herington,KS,0 
Tulalip,WA,0 
Leadville,CO,0 
Broken Bow,NE,0 
Dighton,KS,0 
Cedartown,GA,0 
Unalakleet,AK,0 
Bonner Springs,KS,0 
Lauderdale-By-The-Sea,FL,0 
Smith Center,KS,0 
Hawkinsville,GA,0 
  Sistersville,WV,0 
Mechanicville,NY,0 
Klawock,AK,0 
Superior,MT,0 
Tecumseh,NE,0 
Utuado,PR,0 
LaGrange,KY,0 
Burlington,MA,0 
Loup City,NE,0 
Laurel,MT,0 
Nahunta,GA,0 
Redding,CA,0 